time_sec,event_type,x,y,vx,vy,sampling_time_sec,actuator_id,command,pdo_position_mm,pdo_speed_mms
0.035,CAN_SEND,,,,,1744909631.658339,1570,SDO/NMT/CLR,,
0.237,CAN_SEND,,,,,1744909631.860211,0,SDO/NMT/CLR,,
0.438,CAN_SEND,,,,,1744909632.061829,546,SDO/NMT/CLR,,
0.716,PDO_FEEDBACK,,,,,1744909632.339046,546,SDO/NMT/CLR,0.0,0.0
0.767,PDO_FEEDBACK,,,,,1744909632.390428,546,SDO/NMT/CLR,0.0,0.0
0.802,GPS_FRAME,,,-0.213,0.077,1744909632.425084,546,SDO/NMT/CLR,0.0,0.0
0.815,REL_POS_FRAME,1346936.320,1844232.480,-0.213,0.077,1744909632.438556,546,SDO/NMT/CLR,0.0,0.0
0.833,PDO_FEEDBACK,1346936.320,1844232.480,-0.213,0.077,1744909632.456464,546,SDO/NMT/CLR,0.0,0.0
0.989,PDO_FEEDBACK,1346936.320,1844232.480,-0.213,0.077,1744909632.612428,546,SDO/NMT/CLR,0.0,0.0
1.200,GPS_FRAME,1346936.320,1844232.480,-0.190,0.070,1744909632.823730,546,SDO/NMT/CLR,0.0,0.0
1.211,REL_POS_FRAME,1346936.160,1844232.480,-0.190,0.070,1744909632.834750,546,SDO/NMT/CLR,0.0,0.0
1.239,PDO_FEEDBACK,1346936.160,1844232.480,-0.190,0.070,1744909632.862299,546,SDO/NMT/CLR,0.0,0.0
1.489,PDO_FEEDBACK,1346936.160,1844232.480,-0.190,0.070,1744909633.112282,546,SDO/NMT/CLR,0.0,0.0
1.604,GPS_FRAME,1346936.160,1844232.480,0.017,0.158,1744909633.227238,546,SDO/NMT/CLR,0.0,0.0
1.613,REL_POS_FRAME,1346936.333,1844232.320,0.017,0.158,1744909633.236810,546,SDO/NMT/CLR,0.0,0.0
1.739,PDO_FEEDBACK,1346936.333,1844232.320,0.017,0.158,1744909633.362053,546,SDO/NMT/CLR,0.0,0.0
1.989,PDO_FEEDBACK,1346936.333,1844232.320,0.017,0.158,1744909633.612254,546,SDO/NMT/CLR,0.0,0.0
2.001,GPS_FRAME,1346936.333,1844232.320,0.069,0.131,1744909633.624612,546,SDO/NMT/CLR,0.0,0.0
2.012,REL_POS_FRAME,1346936.480,1844232.160,0.069,0.131,1744909633.634952,546,SDO/NMT/CLR,0.0,0.0
2.239,PDO_FEEDBACK,1346936.480,1844232.160,0.069,0.131,1744909633.862411,546,SDO/NMT/CLR,0.0,0.0
2.405,GPS_FRAME,1346936.480,1844232.160,0.053,0.168,1744909634.027978,546,SDO/NMT/CLR,0.0,0.0
2.412,REL_POS_FRAME,1346936.333,1844231.853,0.053,0.168,1744909634.035164,546,SDO/NMT/CLR,0.0,0.0
2.489,PDO_FEEDBACK,1346936.333,1844231.853,0.053,0.168,1744909634.112142,546,SDO/NMT/CLR,0.0,0.0
2.738,PDO_FEEDBACK,1346936.333,1844231.853,0.053,0.168,1744909634.361777,546,SDO/NMT/CLR,0.0,0.0
2.799,GPS_FRAME,1346936.333,1844231.853,-0.017,0.087,1744909634.422879,546,SDO/NMT/CLR,0.0,0.0
2.812,REL_POS_FRAME,1346936.320,1844231.853,-0.017,0.087,1744909634.435162,546,SDO/NMT/CLR,0.0,0.0
2.989,PDO_FEEDBACK,1346936.320,1844231.853,-0.017,0.087,1744909634.612575,546,SDO/NMT/CLR,0.0,0.0
3.200,GPS_FRAME,1346936.320,1844231.853,0.030,0.064,1744909634.823540,546,SDO/NMT/CLR,0.0,0.0
3.215,REL_POS_FRAME,1346936.333,1844231.853,0.030,0.064,1744909634.838151,546,SDO/NMT/CLR,0.0,0.0
3.238,PDO_FEEDBACK,1346936.333,1844231.853,0.030,0.064,1744909634.861866,546,SDO/NMT/CLR,0.0,0.0
3.491,PDO_FEEDBACK,1346936.333,1844231.853,0.030,0.064,1744909635.114677,546,SDO/NMT/CLR,0.0,0.0
3.604,GPS_FRAME,1346936.333,1844231.853,0.003,0.075,1744909635.227107,546,SDO/NMT/CLR,0.0,0.0
3.614,REL_POS_FRAME,1346936.480,1844231.693,0.003,0.075,1744909635.237779,546,SDO/NMT/CLR,0.0,0.0
3.738,PDO_FEEDBACK,1346936.480,1844231.693,0.003,0.075,1744909635.361758,546,SDO/NMT/CLR,0.0,0.0
3.989,PDO_FEEDBACK,1346936.480,1844231.693,0.003,0.075,1744909635.612061,546,SDO/NMT/CLR,0.0,0.0
4.002,GPS_FRAME,1346936.480,1844231.693,0.114,0.076,1744909635.625704,546,SDO/NMT/CLR,0.0,0.0
4.016,REL_POS_FRAME,1346936.800,1844231.693,0.114,0.076,1744909635.639632,546,SDO/NMT/CLR,0.0,0.0
4.239,PDO_FEEDBACK,1346936.800,1844231.693,0.114,0.076,1744909635.862774,546,SDO/NMT/CLR,0.0,0.0
4.405,GPS_FRAME,1346936.800,1844231.693,0.155,0.024,1744909636.028052,546,SDO/NMT/CLR,0.0,0.0
4.416,REL_POS_FRAME,1346936.813,1844231.680,0.155,0.024,1744909636.039893,546,SDO/NMT/CLR,0.0,0.0
4.488,PDO_FEEDBACK,1346936.813,1844231.680,0.155,0.024,1744909636.111724,546,SDO/NMT/CLR,0.0,0.0
4.738,PDO_FEEDBACK,1346936.813,1844231.680,0.155,0.024,1744909636.361577,546,SDO/NMT/CLR,0.0,0.0
4.798,GPS_FRAME,1346936.813,1844231.680,0.136,-0.017,1744909636.421290,546,SDO/NMT/CLR,0.0,0.0
4.808,REL_POS_FRAME,1346936.973,1844231.680,0.136,-0.017,1744909636.431755,546,SDO/NMT/CLR,0.0,0.0
4.990,PDO_FEEDBACK,1346936.973,1844231.680,0.136,-0.017,1744909636.613808,546,SDO/NMT/CLR,0.0,0.0
5.200,GPS_FRAME,1346936.973,1844231.680,0.078,0.004,1744909636.823354,546,SDO/NMT/CLR,0.0,0.0
5.209,REL_POS_FRAME,1346936.973,1844231.680,0.078,0.004,1744909636.832423,546,SDO/NMT/CLR,0.0,0.0
5.239,PDO_FEEDBACK,1346936.973,1844231.680,0.078,0.004,1744909636.862259,546,SDO/NMT/CLR,0.0,0.0
5.488,PDO_FEEDBACK,1346936.973,1844231.680,0.078,0.004,1744909637.111796,546,SDO/NMT/CLR,0.0,0.0
5.603,GPS_FRAME,1346936.973,1844231.680,0.051,-0.001,1744909637.226590,546,SDO/NMT/CLR,0.0,0.0
5.614,REL_POS_FRAME,1346936.973,1844231.680,0.051,-0.001,1744909637.237395,546,SDO/NMT/CLR,0.0,0.0
5.665,CAN_SEND,1346936.973,1844231.680,0.051,-0.001,1744909637.288657,546,open,0.0,0.0
5.738,PDO_FEEDBACK,1346936.973,1844231.680,0.051,-0.001,1744909637.361782,546,open,0.0,0.0
5.988,PDO_FEEDBACK,1346936.973,1844231.680,0.051,-0.001,1744909637.611763,546,open,0.3,0.8
5.999,GPS_FRAME,1346936.973,1844231.680,0.033,-0.027,1744909637.622109,546,open,0.3,0.8
6.008,REL_POS_FRAME,1346936.813,1844231.680,0.033,-0.027,1744909637.631642,546,open,0.3,0.8
6.238,PDO_FEEDBACK,1346936.813,1844231.680,0.033,-0.027,1744909637.861461,546,open,5.1,20.0
6.403,GPS_FRAME,1346936.813,1844231.680,0.064,-0.025,1744909638.026701,546,open,5.1,20.0
6.415,REL_POS_FRAME,1346936.973,1844231.520,0.064,-0.025,1744909638.037999,546,open,5.1,20.0
6.488,PDO_FEEDBACK,1346936.973,1844231.520,0.064,-0.025,1744909638.111774,546,open,10.9,23.4
6.738,PDO_FEEDBACK,1346936.973,1844231.520,0.064,-0.025,1744909638.361537,546,open,16.7,22.8
6.799,GPS_FRAME,1346936.973,1844231.520,0.116,-0.006,1744909638.422127,546,open,16.7,22.8
6.812,REL_POS_FRAME,1346937.280,1844231.520,0.116,-0.006,1744909638.435746,546,open,16.7,22.8
6.989,PDO_FEEDBACK,1346937.280,1844231.520,0.116,-0.006,1744909638.612360,546,open,22.3,22.7
7.198,GPS_FRAME,1346937.280,1844231.520,0.069,0.047,1744909638.821349,546,open,22.3,22.7
7.210,REL_POS_FRAME,1346937.280,1844231.520,0.069,0.047,1744909638.833361,546,open,22.3,22.7
7.239,PDO_FEEDBACK,1346937.280,1844231.520,0.069,0.047,1744909638.862098,546,open,27.9,22.1
7.489,PDO_FEEDBACK,1346937.280,1844231.520,0.069,0.047,1744909639.112427,546,open,33.2,21.4
7.602,GPS_FRAME,1346937.280,1844231.520,0.023,0.040,1744909639.225711,546,open,33.2,21.4
7.614,REL_POS_FRAME,1346936.973,1844231.520,0.023,0.040,1744909639.237483,546,open,33.2,21.4
7.738,PDO_FEEDBACK,1346936.973,1844231.520,0.023,0.040,1744909639.361377,546,open,38.6,22.4
7.988,PDO_FEEDBACK,1346936.973,1844231.520,0.023,0.040,1744909639.611400,546,open,43.6,20.9
8.000,GPS_FRAME,1346936.973,1844231.520,0.041,-0.021,1744909639.623027,546,open,43.6,20.9
8.007,REL_POS_FRAME,1346937.280,1844231.520,0.041,-0.021,1744909639.630748,546,open,43.6,20.9
8.239,PDO_FEEDBACK,1346937.280,1844231.520,0.041,-0.021,1744909639.862822,546,open,49.0,22.2
8.403,GPS_FRAME,1346937.280,1844231.520,0.078,-0.093,1744909640.026044,546,open,49.0,22.2
8.414,REL_POS_FRAME,1346937.280,1844231.520,0.078,-0.093,1744909640.037185,546,open,49.0,22.2
8.489,PDO_FEEDBACK,1346937.280,1844231.520,0.078,-0.093,1744909640.112183,546,open,54.3,20.6
8.737,PDO_FEEDBACK,1346937.280,1844231.520,0.078,-0.093,1744909640.360793,546,open,59.4,20.8
8.799,GPS_FRAME,1346937.280,1844231.520,0.094,-0.091,1744909640.422382,546,open,59.4,20.8
8.810,REL_POS_FRAME,1346937.280,1844231.360,0.094,-0.091,1744909640.433765,546,open,59.4,20.8
8.988,PDO_FEEDBACK,1346937.280,1844231.360,0.094,-0.091,1744909640.611580,546,open,64.7,20.8
9.201,GPS_FRAME,1346937.280,1844231.360,0.104,-0.080,1744909640.824778,546,open,64.7,20.8
9.211,REL_POS_FRAME,1346937.440,1844231.360,0.104,-0.080,1744909640.834307,546,open,64.7,20.8
9.238,PDO_FEEDBACK,1346937.440,1844231.360,0.104,-0.080,1744909640.861329,546,open,70.0,20.6
9.488,PDO_FEEDBACK,1346937.440,1844231.360,0.104,-0.080,1744909641.111314,546,open,75.1,20.5
9.603,GPS_FRAME,1346937.440,1844231.360,0.014,-0.109,1744909641.226664,546,open,75.1,20.5
9.612,REL_POS_FRAME,1346937.280,1844231.680,0.014,-0.109,1744909641.235391,546,open,75.1,20.5
9.737,PDO_FEEDBACK,1346937.280,1844231.680,0.014,-0.109,1744909641.360723,546,open,80.4,20.6
9.991,PDO_FEEDBACK,1346937.280,1844231.680,0.014,-0.109,1744909641.614001,546,open,85.8,21.2
9.999,GPS_FRAME,1346937.280,1844231.680,-0.087,-0.169,1744909641.622478,546,open,85.8,21.2
10.009,REL_POS_FRAME,1346936.973,1844231.693,-0.087,-0.169,1744909641.632336,546,open,85.8,21.2
10.238,PDO_FEEDBACK,1346936.973,1844231.693,-0.087,-0.169,1744909641.861361,546,open,91.1,20.4
10.405,GPS_FRAME,1346936.973,1844231.693,-0.100,-0.149,1744909642.028291,546,open,91.1,20.4
10.417,REL_POS_FRAME,1346936.973,1844231.693,-0.100,-0.149,1744909642.040416,546,open,91.1,20.4
10.488,PDO_FEEDBACK,1346936.973,1844231.693,-0.100,-0.149,1744909642.111681,546,open,96.2,21.5
10.738,PDO_FEEDBACK,1346936.973,1844231.693,-0.100,-0.149,1744909642.361012,546,open,100.0,0.0
10.798,GPS_FRAME,1346936.973,1844231.693,-0.125,-0.116,1744909642.421855,546,open,100.0,0.0
10.809,REL_POS_FRAME,1346936.813,1844231.693,-0.125,-0.116,1744909642.432450,546,open,100.0,0.0
10.987,PDO_FEEDBACK,1346936.813,1844231.693,-0.125,-0.116,1744909642.610702,546,open,100.0,0.0
11.199,GPS_FRAME,1346936.813,1844231.693,-0.036,-0.051,1744909642.822101,546,open,100.0,0.0
11.211,REL_POS_FRAME,1346936.973,1844231.680,-0.036,-0.051,1744909642.834176,546,open,100.0,0.0
11.237,PDO_FEEDBACK,1346936.973,1844231.680,-0.036,-0.051,1744909642.860589,546,open,100.0,0.0
11.487,PDO_FEEDBACK,1346936.973,1844231.680,-0.036,-0.051,1744909643.110420,546,open,100.0,0.0
11.604,GPS_FRAME,1346936.973,1844231.680,-0.033,-0.015,1744909643.226947,546,open,100.0,0.0
11.614,REL_POS_FRAME,1346936.973,1844231.680,-0.033,-0.015,1744909643.237545,546,open,100.0,0.0
11.737,PDO_FEEDBACK,1346936.973,1844231.680,-0.033,-0.015,1744909643.360289,546,open,100.0,0.0
11.987,PDO_FEEDBACK,1346936.973,1844231.680,-0.033,-0.015,1744909643.610331,546,open,100.0,0.0
11.999,GPS_FRAME,1346936.973,1844231.680,-0.030,-0.031,1744909643.622218,546,open,100.0,0.0
12.008,REL_POS_FRAME,1346936.973,1844231.680,-0.030,-0.031,1744909643.631829,546,open,100.0,0.0
12.237,PDO_FEEDBACK,1346936.973,1844231.680,-0.030,-0.031,1744909643.860294,546,open,100.0,0.0
12.403,GPS_FRAME,1346936.973,1844231.680,-0.077,-0.016,1744909644.026121,546,open,100.0,0.0
12.417,REL_POS_FRAME,1346936.973,1844231.680,-0.077,-0.016,1744909644.040340,546,open,100.0,0.0
12.487,PDO_FEEDBACK,1346936.973,1844231.680,-0.077,-0.016,1744909644.110310,546,open,100.0,0.0
12.737,PDO_FEEDBACK,1346936.973,1844231.680,-0.077,-0.016,1744909644.360241,546,open,100.0,0.0
12.800,GPS_FRAME,1346936.973,1844231.680,0.024,-0.029,1744909644.423645,546,open,100.0,0.0
12.811,REL_POS_FRAME,1346937.120,1844231.680,0.024,-0.029,1744909644.434410,546,open,100.0,0.0
12.988,PDO_FEEDBACK,1346937.120,1844231.680,0.024,-0.029,1744909644.611653,546,open,100.0,0.0
13.200,GPS_FRAME,1346937.120,1844231.680,0.002,-0.010,1744909644.823239,546,open,100.0,0.0
13.209,REL_POS_FRAME,1346937.120,1844231.520,0.002,-0.010,1744909644.832046,546,open,100.0,0.0
13.237,PDO_FEEDBACK,1346937.120,1844231.520,0.002,-0.010,1744909644.860167,546,open,100.0,0.0
13.492,PDO_FEEDBACK,1346937.120,1844231.520,0.002,-0.010,1744909645.115484,546,open,100.0,0.0
13.604,GPS_FRAME,1346937.120,1844231.520,0.007,-0.113,1744909645.227493,546,open,100.0,0.0
13.614,REL_POS_FRAME,1346937.280,1844231.693,0.007,-0.113,1744909645.237760,546,open,100.0,0.0
13.737,PDO_FEEDBACK,1346937.280,1844231.693,0.007,-0.113,1744909645.360045,546,open,100.0,0.0
13.987,PDO_FEEDBACK,1346937.280,1844231.693,0.007,-0.113,1744909645.609984,546,open,100.0,0.0
13.999,GPS_FRAME,1346937.280,1844231.693,0.044,-0.122,1744909645.622113,546,open,100.0,0.0
14.007,REL_POS_FRAME,1346937.280,1844231.680,0.044,-0.122,1744909645.630406,546,open,100.0,0.0
14.237,PDO_FEEDBACK,1346937.280,1844231.680,0.044,-0.122,1744909645.860009,546,open,100.0,0.0
14.403,GPS_FRAME,1346937.280,1844231.680,0.168,-0.153,1744909646.026242,546,open,100.0,0.0
14.419,REL_POS_FRAME,1346937.453,1844231.520,0.168,-0.153,1744909646.041955,546,open,100.0,0.0
14.488,PDO_FEEDBACK,1346937.453,1844231.520,0.168,-0.153,1744909646.111537,546,open,100.0,0.0
14.736,PDO_FEEDBACK,1346937.453,1844231.520,0.168,-0.153,1744909646.359861,546,open,100.0,0.0
14.799,GPS_FRAME,1346937.453,1844231.520,0.260,-0.082,1744909646.422423,546,open,100.0,0.0
14.811,REL_POS_FRAME,1346937.760,1844231.520,0.260,-0.082,1744909646.434164,546,open,100.0,0.0
14.987,PDO_FEEDBACK,1346937.760,1844231.520,0.260,-0.082,1744909646.610049,546,open,100.0,0.0
15.202,GPS_FRAME,1346937.760,1844231.520,0.197,-0.016,1744909646.825093,546,open,100.0,0.0
15.210,REL_POS_FRAME,1346937.760,1844231.520,0.197,-0.016,1744909646.833737,546,open,100.0,0.0
15.236,PDO_FEEDBACK,1346937.760,1844231.520,0.197,-0.016,1744909646.859914,546,open,100.0,0.0
15.487,PDO_FEEDBACK,1346937.760,1844231.520,0.197,-0.016,1744909647.110137,546,open,100.0,0.0
15.604,GPS_FRAME,1346937.760,1844231.520,0.096,0.007,1744909647.227253,546,open,100.0,0.0
15.615,REL_POS_FRAME,1346937.453,1844231.520,0.096,0.007,1744909647.238436,546,open,100.0,0.0
15.736,PDO_FEEDBACK,1346937.453,1844231.520,0.096,0.007,1744909647.359911,546,open,100.0,0.0
15.987,PDO_FEEDBACK,1346937.453,1844231.520,0.096,0.007,1744909647.609957,546,open,100.0,0.0
16.000,GPS_FRAME,1346937.453,1844231.520,0.077,-0.006,1744909647.622969,546,open,100.0,0.0
16.010,REL_POS_FRAME,1346937.453,1844231.520,0.077,-0.006,1744909647.633615,546,open,100.0,0.0
16.167,CAN_SEND,1346937.453,1844231.520,0.077,-0.006,1744909647.790788,546,close,100.0,0.0
16.236,PDO_FEEDBACK,1346937.453,1844231.520,0.077,-0.006,1744909647.859813,546,close,100.0,0.0
16.403,GPS_FRAME,1346937.453,1844231.520,0.058,-0.013,1744909648.026695,546,close,100.0,0.0
16.414,REL_POS_FRAME,1346937.453,1844231.520,0.058,-0.013,1744909648.037330,546,close,100.0,0.0
16.486,PDO_FEEDBACK,1346937.453,1844231.520,0.058,-0.013,1744909648.109698,546,close,99.5,2.1
16.736,PDO_FEEDBACK,1346937.453,1844231.520,0.058,-0.013,1744909648.359763,546,close,94.9,20.8
16.799,GPS_FRAME,1346937.453,1844231.520,0.085,0.028,1744909648.422004,546,close,94.9,20.8
16.810,REL_POS_FRAME,1346937.760,1844231.520,0.085,0.028,1744909648.432937,546,close,94.9,20.8
16.986,PDO_FEEDBACK,1346937.760,1844231.520,0.085,0.028,1744909648.609620,546,close,89.0,24.1
17.199,GPS_FRAME,1346937.760,1844231.520,0.021,0.045,1744909648.822089,546,close,89.0,24.1
17.207,REL_POS_FRAME,1346937.600,1844231.520,0.021,0.045,1744909648.830779,546,close,89.0,24.1
17.236,PDO_FEEDBACK,1346937.600,1844231.520,0.021,0.045,1744909648.859694,546,close,83.2,22.4
17.492,PDO_FEEDBACK,1346937.600,1844231.520,0.021,0.045,1744909649.115135,546,close,77.6,22.6
17.604,GPS_FRAME,1346937.600,1844231.520,0.000,-0.010,1744909649.227435,546,close,77.6,22.6
17.613,REL_POS_FRAME,1346937.453,1844231.520,0.000,-0.010,1744909649.235960,546,close,77.6,22.6
17.736,PDO_FEEDBACK,1346937.453,1844231.520,0.000,-0.010,1744909649.359717,546,close,72.1,21.8
17.986,PDO_FEEDBACK,1346937.453,1844231.520,0.000,-0.010,1744909649.609776,546,close,66.7,21.7
17.999,GPS_FRAME,1346937.453,1844231.520,-0.097,-0.065,1744909649.622467,546,close,66.7,21.7
18.009,REL_POS_FRAME,1346937.440,1844231.680,-0.097,-0.065,1744909649.632230,546,close,66.7,21.7
18.236,PDO_FEEDBACK,1346937.440,1844231.680,-0.097,-0.065,1744909649.859426,546,close,61.4,21.7
18.403,GPS_FRAME,1346937.440,1844231.680,0.006,0.013,1744909650.026688,546,close,61.4,21.7
18.416,REL_POS_FRAME,1346937.453,1844231.520,0.006,0.013,1744909650.039233,546,close,61.4,21.7
18.487,PDO_FEEDBACK,1346937.453,1844231.520,0.006,0.013,1744909650.109982,546,close,56.3,21.3
18.736,PDO_FEEDBACK,1346937.453,1844231.520,0.006,0.013,1744909650.359302,546,close,51.0,21.4
18.801,GPS_FRAME,1346937.453,1844231.520,0.012,0.124,1744909650.424236,546,close,51.0,21.4
18.811,REL_POS_FRAME,1346937.453,1844231.360,0.012,0.124,1744909650.434750,546,close,51.0,21.4
18.986,PDO_FEEDBACK,1346937.453,1844231.360,0.012,0.124,1744909650.609407,546,close,45.7,20.8
19.198,GPS_FRAME,1346937.453,1844231.360,0.070,0.101,1744909650.821604,546,close,45.7,20.8
19.214,REL_POS_FRAME,1346937.453,1844231.360,0.070,0.101,1744909650.837762,546,close,45.7,20.8
19.236,PDO_FEEDBACK,1346937.453,1844231.360,0.070,0.101,1744909650.859749,546,close,40.3,21.8
19.486,PDO_FEEDBACK,1346937.453,1844231.360,0.070,0.101,1744909651.109444,546,close,35.3,20.9
19.603,GPS_FRAME,1346937.453,1844231.360,0.135,0.032,1744909651.226093,546,close,35.3,20.9
19.616,REL_POS_FRAME,1346937.760,1844231.213,0.135,0.032,1744909651.239690,546,close,35.3,20.9
19.736,PDO_FEEDBACK,1346937.760,1844231.213,0.135,0.032,1744909651.359090,546,close,29.9,21.8
19.986,PDO_FEEDBACK,1346937.760,1844231.213,0.135,0.032,1744909651.609184,546,close,24.6,20.5
19.999,GPS_FRAME,1346937.760,1844231.213,0.064,-0.031,1744909651.622650,546,close,24.6,20.5
20.009,REL_POS_FRAME,1346937.453,1844231.360,0.064,-0.031,1744909651.632165,546,close,24.6,20.5
20.236,PDO_FEEDBACK,1346937.453,1844231.360,0.064,-0.031,1744909651.859250,546,close,19.3,20.8
20.404,GPS_FRAME,1346937.453,1844231.360,0.058,-0.044,1744909652.027845,546,close,19.3,20.8
20.414,REL_POS_FRAME,1346937.600,1844231.680,0.058,-0.044,1744909652.037654,546,close,19.3,20.8
20.488,PDO_FEEDBACK,1346937.600,1844231.680,0.058,-0.044,1744909652.110972,546,close,14.2,20.4
20.736,PDO_FEEDBACK,1346937.600,1844231.680,0.058,-0.044,1744909652.359317,546,close,8.9,20.6
20.798,GPS_FRAME,1346937.600,1844231.680,-0.009,-0.063,1744909652.421863,546,close,8.9,20.6
20.809,REL_POS_FRAME,1346937.453,1844231.680,-0.009,-0.063,1744909652.432147,546,close,8.9,20.6
20.986,PDO_FEEDBACK,1346937.453,1844231.680,-0.009,-0.063,1744909652.609082,546,close,3.6,20.3
21.199,GPS_FRAME,1346937.453,1844231.680,-0.172,-0.142,1744909652.822828,546,close,3.6,20.3
21.212,REL_POS_FRAME,1346937.120,1844231.853,-0.172,-0.142,1744909652.835795,546,close,3.6,20.3
21.235,PDO_FEEDBACK,1346937.120,1844231.853,-0.172,-0.142,1744909652.858882,546,close,0.0,0.0
21.486,PDO_FEEDBACK,1346937.120,1844231.853,-0.172,-0.142,1744909653.109504,546,close,0.0,0.0
21.603,GPS_FRAME,1346937.120,1844231.853,-0.109,-0.218,1744909653.226685,546,close,0.0,0.0
21.618,REL_POS_FRAME,1346936.973,1844232.000,-0.109,-0.218,1744909653.241585,546,close,0.0,0.0
21.736,PDO_FEEDBACK,1346936.973,1844232.000,-0.109,-0.218,1744909653.358942,546,close,0.0,0.0
21.985,PDO_FEEDBACK,1346936.973,1844232.000,-0.109,-0.218,1744909653.608744,546,close,0.0,0.0
21.998,GPS_FRAME,1346936.973,1844232.000,-0.126,-0.098,1744909653.621759,546,close,0.0,0.0
22.008,REL_POS_FRAME,1346936.973,1844232.000,-0.126,-0.098,1744909653.631211,546,close,0.0,0.0
22.235,PDO_FEEDBACK,1346936.973,1844232.000,-0.126,-0.098,1744909653.858813,546,close,0.0,0.0
22.403,GPS_FRAME,1346936.973,1844232.000,-0.067,-0.047,1744909654.026859,546,close,0.0,0.0
22.413,REL_POS_FRAME,1346936.813,1844232.000,-0.067,-0.047,1744909654.036711,546,close,0.0,0.0
22.485,PDO_FEEDBACK,1346936.813,1844232.000,-0.067,-0.047,1744909654.108760,546,close,0.0,0.0
22.735,PDO_FEEDBACK,1346936.813,1844232.000,-0.067,-0.047,1744909654.358801,546,close,0.0,0.0
22.798,GPS_FRAME,1346936.813,1844232.000,-0.045,-0.017,1744909654.421181,546,close,0.0,0.0
22.806,REL_POS_FRAME,1346936.800,1844232.000,-0.045,-0.017,1744909654.429835,546,close,0.0,0.0
22.985,PDO_FEEDBACK,1346936.800,1844232.000,-0.045,-0.017,1744909654.608754,546,close,0.0,0.0
23.198,GPS_FRAME,1346936.800,1844232.000,-0.002,-0.018,1744909654.821494,546,close,0.0,0.0
23.211,REL_POS_FRAME,1346936.800,1844231.853,-0.002,-0.018,1744909654.834313,546,close,0.0,0.0
23.235,PDO_FEEDBACK,1346936.800,1844231.853,-0.002,-0.018,1744909654.858479,546,close,0.0,0.0
23.485,PDO_FEEDBACK,1346936.800,1844231.853,-0.002,-0.018,1744909655.108538,546,close,0.0,0.0
23.603,GPS_FRAME,1346936.800,1844231.853,0.115,0.082,1744909655.226412,546,close,0.0,0.0
23.612,REL_POS_FRAME,1346936.813,1844231.853,0.115,0.082,1744909655.235370,546,close,0.0,0.0
23.735,PDO_FEEDBACK,1346936.813,1844231.853,0.115,0.082,1744909655.358424,546,close,0.0,0.0
23.985,PDO_FEEDBACK,1346936.813,1844231.853,0.115,0.082,1744909655.608580,546,close,0.0,0.0
24.000,GPS_FRAME,1346936.813,1844231.853,0.048,-0.048,1744909655.623871,546,close,0.0,0.0
24.013,REL_POS_FRAME,1346936.800,1844231.853,0.048,-0.048,1744909655.636635,546,close,0.0,0.0
24.235,PDO_FEEDBACK,1346936.800,1844231.853,0.048,-0.048,1744909655.858479,546,close,0.0,0.0
24.402,GPS_FRAME,1346936.800,1844231.853,0.084,-0.042,1744909656.025251,546,close,0.0,0.0
24.409,REL_POS_FRAME,1346936.800,1844232.000,0.084,-0.042,1744909656.032883,546,close,0.0,0.0
24.485,PDO_FEEDBACK,1346936.800,1844232.000,0.084,-0.042,1744909656.108440,546,close,0.0,0.0
24.735,PDO_FEEDBACK,1346936.800,1844232.000,0.084,-0.042,1744909656.358313,546,close,0.0,0.0
24.800,GPS_FRAME,1346936.800,1844232.000,0.125,0.068,1744909656.423912,546,close,0.0,0.0
24.812,REL_POS_FRAME,1346936.800,1844231.693,0.125,0.068,1744909656.435096,546,close,0.0,0.0
24.985,PDO_FEEDBACK,1346936.800,1844231.693,0.125,0.068,1744909656.608375,546,close,0.0,0.0
25.198,GPS_FRAME,1346936.800,1844231.693,0.115,0.095,1744909656.821824,546,close,0.0,0.0
25.208,REL_POS_FRAME,1346936.800,1844231.693,0.115,0.095,1744909656.831556,546,close,0.0,0.0
25.235,PDO_FEEDBACK,1346936.800,1844231.693,0.115,0.095,1744909656.858248,546,close,0.0,0.0
25.485,PDO_FEEDBACK,1346936.800,1844231.693,0.115,0.095,1744909657.108294,546,close,0.0,0.0
25.603,GPS_FRAME,1346936.800,1844231.693,0.124,0.070,1744909657.226220,546,close,0.0,0.0
25.615,REL_POS_FRAME,1346936.480,1844231.693,0.124,0.070,1744909657.238548,546,close,0.0,0.0
25.735,PDO_FEEDBACK,1346936.480,1844231.693,0.124,0.070,1744909657.358141,546,close,0.0,0.0
25.986,PDO_FEEDBACK,1346936.480,1844231.693,0.124,0.070,1744909657.609349,546,close,0.0,0.0
25.999,GPS_FRAME,1346936.480,1844231.693,0.110,0.046,1744909657.622882,546,close,0.0,0.0
26.012,REL_POS_FRAME,1346936.480,1844231.693,0.110,0.046,1744909657.635707,546,close,0.0,0.0
26.235,PDO_FEEDBACK,1346936.480,1844231.693,0.110,0.046,1744909657.858286,546,close,0.0,0.0
26.402,GPS_FRAME,1346936.480,1844231.693,0.086,-0.038,1744909658.025439,546,close,0.0,0.0
26.411,REL_POS_FRAME,1346936.320,1844231.693,0.086,-0.038,1744909658.034616,546,close,0.0,0.0
26.485,PDO_FEEDBACK,1346936.320,1844231.693,0.086,-0.038,1744909658.108250,546,close,0.0,0.0
26.735,PDO_FEEDBACK,1346936.320,1844231.693,0.086,-0.038,1744909658.357991,546,close,0.0,0.0
26.798,GPS_FRAME,1346936.320,1844231.693,0.058,0.008,1744909658.421537,546,close,0.0,0.0
26.807,REL_POS_FRAME,1346936.320,1844231.853,0.058,0.008,1744909658.430129,546,close,0.0,0.0
26.985,PDO_FEEDBACK,1346936.320,1844231.853,0.058,0.008,1744909658.607951,546,close,0.0,0.0
27.199,GPS_FRAME,1346936.320,1844231.853,0.021,0.009,1744909658.822330,546,close,0.0,0.0
27.209,REL_POS_FRAME,1346936.160,1844231.853,0.021,0.009,1744909658.832698,546,close,0.0,0.0
27.234,PDO_FEEDBACK,1346936.160,1844231.853,0.021,0.009,1744909658.857924,546,close,0.0,0.0
27.485,PDO_FEEDBACK,1346936.160,1844231.853,0.021,0.009,1744909659.107979,546,close,0.0,0.0
27.603,GPS_FRAME,1346936.160,1844231.853,0.120,0.051,1744909659.226087,546,close,0.0,0.0
27.614,REL_POS_FRAME,1346936.320,1844231.693,0.120,0.051,1744909659.237301,546,close,0.0,0.0
27.734,PDO_FEEDBACK,1346936.320,1844231.693,0.120,0.051,1744909659.357911,546,close,0.0,0.0
27.985,PDO_FEEDBACK,1346936.320,1844231.693,0.120,0.051,1744909659.607991,546,close,0.0,0.0
27.999,GPS_FRAME,1346936.320,1844231.693,0.133,0.062,1744909659.622719,546,close,0.0,0.0
28.011,REL_POS_FRAME,1346936.160,1844231.693,0.133,0.062,1744909659.634742,546,close,0.0,0.0
28.234,PDO_FEEDBACK,1346936.160,1844231.693,0.133,0.062,1744909659.857857,546,close,0.0,0.0
0.023,,,,,INIT,,,,,,
0.125,,,,,INIT,,,,,,
0.229,,,,,INIT,,,,,,
0.331,,,,,INIT,,,,,,
0.433,,,,,INIT,,,,,,
0.536,,,,,INIT,,,,,,
0.638,,,,,INIT,,,,,,
0.740,,,,,INIT,,,,,,
0.843,,,,,INIT,,,,,,
1.076,,,0.039,-0.032,INIT,,,,,,
0.023,,,,,INIT,,,,,,
0.126,,,,,INIT,,,,,,
0.229,,,,,INIT,,,,,,
0.331,,,,,INIT,,,,,,
0.433,,,,,INIT,,,,,,
0.536,,,,,INIT,,,,,,
0.638,,,,,INIT,,,,,,
0.740,,,,,INIT,,,,,,
0.843,,,,,INIT,,,,,,
0.971,,,-0.041,0.029,INIT,,,,,,
0.024,,,,,INIT,,,,,,
0.127,,,,,INIT,,,,,,
0.229,,,,,INIT,,,,,,
0.332,,,,,INIT,,,,,,
0.434,,,,,INIT,,,,,,
0.536,,,,,INIT,,,,,,
0.639,,,,,INIT,,,,,,
0.741,,,,,INIT,,,,,,
0.844,,,,,INIT,,,,,,
1.258,,,0.034,0.063,INIT,,,,,,
1.396,,,0.034,0.063,close,,,,,,
1.398,,,0.034,0.063,close,,,,,,
1.401,,,0.034,0.063,close,,,,,,
1.404,,,0.034,0.063,open,,,,,,
1.406,,,0.034,0.063,open,,,,,,
0.023,,,,,INIT,,,,,,
0.125,,,,,INIT,,,,,,
0.227,,,,,INIT,,,,,,
0.330,,,,,INIT,,,,,,
0.432,,,,,INIT,,,,,,
0.534,,,,,INIT,,,,,,
0.637,,,,,INIT,,,,,,
0.740,,,,,INIT,,,,,,
0.842,,,,,INIT,,,,,,
1.347,,,0.012,-0.059,INIT,,,,,,
1.471,,,0.012,-0.059,close,,,,,,
1.473,,,0.012,-0.059,close,,,,,,
1.476,,,0.012,-0.059,close,,,,,,
1.479,,,0.012,-0.059,open,,,,,,
1.482,,,0.012,-0.059,open,,,,,,
1.486,,,0.012,-0.059,open,,,,,,
1.494,0.000,0.000,0.012,-0.059,open,,,,,,
1.754,0.000,0.000,0.032,-0.118,open,,,,,,
1.764,0.000,-0.160,0.032,-0.118,open,,,,,,
2.146,0.000,-0.160,-0.015,-0.100,open,,,,,,
2.154,0.000,0.147,-0.015,-0.100,open,,,,,,
2.551,0.000,0.147,-0.061,-0.043,open,,,,,,
2.563,0.000,0.467,-0.061,-0.043,open,,,,,,
2.946,0.000,0.467,-0.076,0.026,open,,,,,,
2.956,0.147,0.947,-0.076,0.026,open,,,,,,
3.346,0.147,0.947,-0.035,-0.014,open,,,,,,
3.358,0.307,1.120,-0.035,-0.014,open,,,,,,
3.753,0.307,1.120,0.030,-0.018,open,,,,,,
3.762,0.480,1.267,0.030,-0.018,open,,,,,,
4.147,0.480,1.267,0.114,-0.091,open,,,,,,
4.160,0.640,1.120,0.114,-0.091,open,,,,,,
4.552,0.640,1.120,0.070,-0.041,open,,,,,,
4.562,0.787,1.600,0.070,-0.041,open,,,,,,
4.948,0.787,1.600,0.041,-0.121,open,,,,,,
4.962,0.787,1.600,0.041,-0.121,open,,,,,,
5.347,0.787,1.600,0.119,-0.069,open,,,,,,
5.357,0.947,1.760,0.119,-0.069,open,,,,,,
5.753,0.947,1.760,0.121,-0.168,open,,,,,,
5.765,1.120,1.907,0.121,-0.168,open,,,,,,
6.148,1.120,1.907,0.090,-0.089,open,,,,,,
6.157,1.267,2.227,0.090,-0.089,open,,,,,,
6.553,1.267,2.227,0.142,-0.133,open,,,,,,
6.563,1.267,2.227,0.142,-0.133,open,,,,,,
6.948,1.267,2.227,-0.005,-0.063,open,,,,,,
6.958,1.107,2.240,-0.005,-0.063,open,,,,,,
7.349,1.107,2.240,-0.123,-0.023,open,,,,,,
7.359,0.787,2.547,-0.123,-0.023,open,,,,,,
7.753,0.787,2.547,-0.160,-0.049,open,,,,,,
7.762,0.480,2.547,-0.160,-0.049,open,,,,,,
8.148,0.480,2.547,-0.116,0.058,open,,,,,,
8.158,0.480,2.547,-0.116,0.058,open,,,,,,
8.553,0.480,2.547,-0.134,0.139,open,,,,,,
8.564,0.307,2.880,-0.134,0.139,open,,,,,,
8.948,0.307,2.880,-0.097,0.059,open,,,,,,
8.959,0.307,2.707,-0.097,0.059,open,,,,,,
9.352,0.307,2.707,-0.093,0.153,open,,,,,,
9.363,0.307,3.027,-0.093,0.153,open,,,,,,
9.754,0.307,3.027,-0.107,0.111,open,,,,,,
9.765,0.147,3.027,-0.107,0.111,open,,,,,,
10.149,0.147,3.027,0.001,0.106,open,,,,,,
10.157,0.467,3.187,0.001,0.106,open,,,,,,
10.552,0.467,3.187,0.028,0.123,open,,,,,,
10.561,0.480,3.347,0.028,0.123,open,,,,,,
10.949,0.480,3.347,0.021,0.158,open,,,,,,
10.958,0.480,3.667,0.021,0.158,open,,,,,,
11.348,0.480,3.667,0.002,0.129,open,,,,,,
11.356,0.480,3.667,0.002,0.129,open,,,,,,
11.753,0.480,3.667,0.107,-0.008,open,,,,,,
11.763,0.787,3.360,0.107,-0.008,open,,,,,,
12.150,0.787,3.360,0.000,-0.068,open,,,,,,
12.159,0.787,3.507,0.000,-0.068,open,,,,,,
12.553,0.787,3.507,-0.073,0.043,open,,,,,,
12.563,0.640,4.000,-0.073,0.043,open,,,,,,
12.948,0.640,4.000,-0.093,0.076,open,,,,,,
12.958,0.787,4.307,-0.093,0.076,open,,,,,,
13.349,0.787,4.307,0.004,0.053,open,,,,,,
13.362,1.120,4.307,0.004,0.053,open,,,,,,
13.753,1.120,4.307,0.038,0.005,open,,,,,,
13.764,1.587,4.467,0.038,0.005,open,,,,,,
14.148,1.587,4.467,0.074,-0.100,open,,,,,,
14.157,1.760,4.467,0.074,-0.100,open,,,,,,
14.553,1.760,4.467,0.099,-0.185,open,,,,,,
14.560,2.067,4.307,0.099,-0.185,open,,,,,,
14.948,2.067,4.307,0.091,-0.134,open,,,,,,
14.959,2.240,4.307,0.091,-0.134,open,,,,,,
15.349,2.240,4.307,0.129,-0.158,open,,,,,,
15.362,2.867,4.480,0.129,-0.158,open,,,,,,
15.754,2.867,4.480,0.257,-0.247,open,,,,,,
15.764,3.347,4.307,0.257,-0.247,open,,,,,,
16.148,3.347,4.307,0.260,-0.253,open,,,,,,
16.160,3.827,4.467,0.260,-0.253,open,,,,,,
16.554,3.827,4.467,0.214,-0.139,open,,,,,,
16.566,4.000,4.640,0.214,-0.139,open,,,,,,
16.950,4.000,4.640,0.228,-0.088,open,,,,,,
16.961,4.480,4.640,0.228,-0.088,open,,,,,,
17.348,4.480,4.640,0.248,-0.141,open,,,,,,
17.358,4.787,4.480,0.248,-0.141,open,,,,,,
17.753,4.787,4.480,0.174,-0.200,open,,,,,,
17.761,5.107,4.640,0.174,-0.200,open,,,,,,
18.150,5.107,4.640,0.193,-0.166,open,,,,,,
18.159,5.427,4.787,0.193,-0.166,open,,,,,,
18.553,5.427,4.787,0.282,-0.276,open,,,,,,
18.566,5.760,4.480,0.282,-0.276,open,,,,,,
18.949,5.760,4.480,0.227,-0.283,open,,,,,,
18.957,6.067,4.480,0.227,-0.283,open,,,,,,
19.350,6.067,4.480,0.239,-0.097,open,,,,,,
19.360,6.547,4.947,0.239,-0.097,open,,,,,,
19.754,6.547,4.947,0.206,-0.005,open,,,,,,
19.765,6.720,5.120,0.206,-0.005,open,,,,,,
20.149,6.720,5.120,0.226,0.078,open,,,,,,
20.160,7.187,5.427,0.226,0.078,open,,,,,,
20.554,7.187,5.427,0.165,0.098,open,,,,,,
20.563,7.360,5.587,0.165,0.098,open,,,,,,
20.951,7.360,5.587,0.208,0.114,open,,,,,,
20.961,7.827,5.760,0.208,0.114,open,,,,,,
21.352,7.827,5.760,0.160,0.043,open,,,,,,
21.364,8.000,5.907,0.160,0.043,open,,,,,,
21.754,8.000,5.907,0.151,0.088,open,,,,,,
21.767,8.307,5.907,0.151,0.088,open,,,,,,
22.149,8.307,5.907,0.171,-0.035,open,,,,,,
22.160,8.640,5.600,0.171,-0.035,open,,,,,,
22.553,8.640,5.600,0.132,-0.019,open,,,,,,
22.564,9.107,6.067,0.132,-0.019,open,,,,,,
22.951,9.107,6.067,0.124,-0.039,open,,,,,,
22.960,9.267,6.227,0.124,-0.039,open,,,,,,
23.349,9.267,6.227,0.089,-0.080,open,,,,,,
23.359,9.587,6.067,0.089,-0.080,open,,,,,,
23.754,9.587,6.067,0.108,-0.062,open,,,,,,
23.767,9.760,6.227,0.108,-0.062,open,,,,,,
24.150,9.760,6.227,0.031,-0.082,open,,,,,,
24.159,9.760,6.240,0.031,-0.082,open,,,,,,
24.554,9.760,6.240,0.027,-0.090,open,,,,,,
24.563,10.067,6.387,0.027,-0.090,open,,,,,,
24.949,10.067,6.387,0.040,-0.106,open,,,,,,
24.958,10.240,6.387,0.040,-0.106,open,,,,,,
25.350,10.240,6.387,0.023,-0.156,open,,,,,,
25.361,10.547,6.387,0.023,-0.156,open,,,,,,
25.753,10.547,6.387,0.057,-0.123,open,,,,,,
25.766,10.867,6.707,0.057,-0.123,open,,,,,,
26.150,10.867,6.707,0.032,-0.137,open,,,,,,
26.158,10.867,6.707,0.032,-0.137,open,,,,,,
26.556,10.867,6.707,0.041,-0.049,open,,,,,,
26.581,11.347,6.720,0.041,-0.049,open,,,,,,
26.948,11.347,6.720,0.069,0.017,open,,,,,,
26.956,11.507,7.027,0.069,0.017,open,,,,,,
27.348,11.507,7.027,0.136,0.118,open,,,,,,
27.357,11.667,7.187,0.136,0.118,open,,,,,,
27.755,11.667,7.187,0.123,0.137,open,,,,,,
27.771,12.000,7.507,0.123,0.137,open,,,,,,
28.150,12.000,7.507,0.071,0.059,open,,,,,,
28.161,12.000,7.360,0.071,0.059,open,,,,,,
28.553,12.000,7.360,0.107,0.055,open,,,,,,
28.565,12.147,7.667,0.107,0.055,open,,,,,,
28.949,12.147,7.667,0.031,0.024,open,,,,,,
28.959,12.147,7.827,0.031,0.024,open,,,,,,
29.350,12.147,7.827,0.032,-0.017,open,,,,,,
29.362,12.147,7.827,0.032,-0.017,open,,,,,,
29.754,12.147,7.827,-0.062,-0.099,open,,,,,,
29.763,12.147,7.840,-0.062,-0.099,open,,,,,,
30.149,12.147,7.840,-0.064,-0.107,open,,,,,,
30.159,12.147,8.000,-0.064,-0.107,open,,,,,,
30.554,12.147,8.000,-0.050,-0.041,open,,,,,,
30.563,12.147,8.000,-0.050,-0.041,open,,,,,,
30.949,12.147,8.000,-0.034,0.015,open,,,,,,
30.959,12.307,8.467,-0.034,0.015,open,,,,,,
31.349,12.307,8.467,-0.073,0.042,open,,,,,,
31.356,12.307,8.480,-0.073,0.042,open,,,,,,
31.754,12.307,8.480,-0.062,0.114,open,,,,,,
31.766,12.480,8.947,-0.062,0.114,open,,,,,,
32.149,12.480,8.947,-0.029,0.202,open,,,,,,
32.158,12.480,9.107,-0.029,0.202,open,,,,,,
32.555,12.480,9.107,0.044,0.184,open,,,,,,
32.565,12.787,9.120,0.044,0.184,open,,,,,,
32.953,12.787,9.120,0.052,0.137,open,,,,,,
32.963,13.107,9.267,0.052,0.137,open,,,,,,
33.349,13.107,9.267,0.041,0.081,open,,,,,,
33.362,13.107,9.427,0.041,0.081,open,,,,,,
33.754,13.107,9.427,0.054,0.007,open,,,,,,
33.762,13.120,9.587,0.054,0.007,open,,,,,,
34.149,13.120,9.587,0.048,-0.007,open,,,,,,
34.157,13.120,9.427,0.048,-0.007,open,,,,,,
34.554,13.120,9.427,0.037,-0.029,open,,,,,,
34.563,13.267,9.587,0.037,-0.029,open,,,,,,
34.950,13.267,9.587,0.039,0.006,open,,,,,,
34.962,13.267,9.907,0.039,0.006,open,,,,,,
35.349,13.267,9.907,0.014,-0.109,open,,,,,,
35.360,13.267,9.760,0.014,-0.109,open,,,,,,
35.754,13.267,9.760,0.016,-0.034,open,,,,,,
35.763,13.267,10.067,0.016,-0.034,open,,,,,,
36.151,13.267,10.067,0.011,-0.059,open,,,,,,
36.163,13.267,10.227,0.011,-0.059,open,,,,,,
36.554,13.267,10.227,-0.040,-0.098,open,,,,,,
36.567,13.267,10.240,-0.040,-0.098,open,,,,,,
36.949,13.267,10.240,-0.001,-0.075,open,,,,,,
36.960,13.267,10.387,-0.001,-0.075,open,,,,,,
37.350,13.267,10.387,-0.003,-0.112,open,,,,,,
37.365,13.120,10.240,-0.003,-0.112,open,,,,,,
37.753,13.120,10.240,-0.020,-0.087,open,,,,,,
37.763,13.267,10.547,-0.020,-0.087,open,,,,,,
38.154,13.267,10.547,-0.063,-0.052,open,,,,,,
38.168,13.107,10.720,-0.063,-0.052,open,,,,,,
38.555,13.107,10.720,-0.046,-0.096,open,,,,,,
38.566,12.947,10.720,-0.046,-0.096,open,,,,,,
38.949,12.947,10.720,-0.051,-0.164,open,,,,,,
38.958,12.787,10.720,-0.051,-0.164,open,,,,,,
39.349,12.787,10.720,-0.051,-0.175,open,,,,,,
39.356,12.480,10.720,-0.051,-0.175,open,,,,,,
39.755,12.480,10.720,-0.014,-0.072,open,,,,,,
39.767,12.480,10.880,-0.014,-0.072,open,,,,,,
40.150,12.480,10.880,-0.024,-0.031,open,,,,,,
40.164,12.307,10.880,-0.024,-0.031,open,,,,,,
40.554,12.307,10.880,0.021,0.037,open,,,,,,
40.564,12.307,11.027,0.021,0.037,open,,,,,,
40.954,12.307,11.027,0.060,0.006,open,,,,,,
40.962,12.000,11.187,0.060,0.006,open,,,,,,
41.348,12.000,11.187,-0.014,-0.169,open,,,,,,
41.358,11.827,11.027,-0.014,-0.169,open,,,,,,
41.753,11.827,11.027,-0.031,-0.144,open,,,,,,
41.764,11.507,11.027,-0.031,-0.144,open,,,,,,
42.151,11.507,11.027,0.007,-0.106,open,,,,,,
42.163,11.347,11.027,0.007,-0.106,open,,,,,,
42.552,11.347,11.027,0.004,-0.129,open,,,,,,
42.566,11.027,11.347,0.004,-0.129,open,,,,,,
42.947,11.027,11.347,0.016,-0.112,open,,,,,,
42.958,10.880,11.347,0.016,-0.112,open,,,,,,
43.349,10.880,11.347,-0.024,-0.119,open,,,,,,
43.359,10.867,11.347,-0.024,-0.119,open,,,,,,
43.752,10.867,11.347,-0.053,-0.153,open,,,,,,
43.760,10.387,11.347,-0.053,-0.153,open,,,,,,
44.148,10.387,11.347,-0.085,-0.097,open,,,,,,
44.158,10.227,11.507,-0.085,-0.097,open,,,,,,
44.554,10.227,11.507,-0.081,-0.022,open,,,,,,
44.562,9.760,11.360,-0.081,-0.022,open,,,,,,
44.948,9.760,11.360,-0.073,-0.060,open,,,,,,
44.958,9.600,11.360,-0.073,-0.060,open,,,,,,
45.348,9.600,11.360,-0.056,-0.019,open,,,,,,
45.360,9.587,11.507,-0.056,-0.019,open,,,,,,
45.757,9.587,11.507,-0.027,-0.003,open,,,,,,
45.767,9.267,11.667,-0.027,-0.003,open,,,,,,
46.149,9.267,11.667,-0.036,0.025,open,,,,,,
46.158,9.107,11.667,-0.036,0.025,open,,,,,,
46.553,9.107,11.667,-0.042,0.086,open,,,,,,
46.566,8.947,11.827,-0.042,0.086,open,,,,,,
46.949,8.947,11.827,-0.021,0.078,open,,,,,,
46.958,8.640,11.827,-0.021,0.078,open,,,,,,
47.348,8.640,11.827,-0.008,0.121,open,,,,,,
47.364,8.467,11.840,-0.008,0.121,open,,,,,,
47.753,8.467,11.840,-0.022,0.110,open,,,,,,
47.764,8.307,12.000,-0.022,0.110,open,,,,,,
48.150,8.307,12.000,-0.026,0.150,open,,,,,,
48.163,7.987,12.000,-0.026,0.150,open,,,,,,
48.553,7.987,12.000,-0.059,0.124,open,,,,,,
48.564,7.667,12.000,-0.059,0.124,open,,,,,,
48.949,7.667,12.000,-0.081,0.033,open,,,,,,
48.959,7.360,12.000,-0.081,0.033,open,,,,,,
49.350,7.360,12.000,-0.024,0.097,open,,,,,,
49.363,7.347,12.307,-0.024,0.097,open,,,,,,
49.754,7.347,12.307,0.054,0.146,open,,,,,,
49.764,7.347,12.467,0.054,0.146,open,,,,,,
50.149,7.347,12.467,0.022,0.028,open,,,,,,
50.157,7.027,12.307,0.022,0.028,open,,,,,,
50.555,7.027,12.307,0.013,-0.072,open,,,,,,
50.564,6.880,12.147,0.013,-0.072,open,,,,,,
50.949,6.880,12.147,0.035,0.035,open,,,,,,
50.957,6.880,12.307,0.035,0.035,open,,,,,,
51.350,6.880,12.307,-0.005,0.052,open,,,,,,
51.358,6.720,12.307,-0.005,0.052,open,,,,,,
51.754,6.720,12.307,0.032,0.067,open,,,,,,
51.766,6.707,12.467,0.032,0.067,open,,,,,,
52.150,6.707,12.467,0.047,0.038,open,,,,,,
52.158,6.547,12.467,0.047,0.038,open,,,,,,
52.554,6.547,12.467,0.043,-0.061,open,,,,,,
52.566,6.240,12.147,0.043,-0.061,open,,,,,,
52.950,6.240,12.147,0.063,-0.070,open,,,,,,
52.959,6.240,12.000,0.063,-0.070,open,,,,,,
53.348,6.240,12.000,0.051,-0.017,open,,,,,,
53.358,6.067,12.000,0.051,-0.017,open,,,,,,
53.752,6.067,12.000,0.074,0.002,open,,,,,,
53.760,5.907,11.840,0.074,0.002,open,,,,,,
54.150,5.907,11.840,0.051,0.030,open,,,,,,
54.160,5.760,12.000,0.051,0.030,open,,,,,,
54.553,5.760,12.000,0.041,0.031,open,,,,,,
54.561,5.587,11.840,0.041,0.031,open,,,,,,
54.948,5.587,11.840,0.058,0.035,open,,,,,,
54.959,5.587,11.827,0.058,0.035,open,,,,,,
55.349,5.587,11.827,0.025,0.025,open,,,,,,
55.356,5.427,11.827,0.025,0.025,open,,,,,,
55.753,5.427,11.827,0.045,0.059,open,,,,,,
55.764,5.267,11.827,0.045,0.059,open,,,,,,
56.149,5.267,11.827,0.027,0.016,open,,,,,,
56.161,5.107,11.507,0.027,0.016,open,,,,,,
56.552,5.107,11.507,0.064,0.061,open,,,,,,
56.569,5.107,11.360,0.064,0.061,open,,,,,,
56.948,5.107,11.360,0.045,0.043,open,,,,,,
56.956,6.067,9.427,0.045,0.043,open,,,,,,
57.349,6.067,9.427,0.021,-0.028,open,,,,,,
57.359,6.240,8.640,0.021,-0.028,open,,,,,,
57.755,6.240,8.640,0.010,-0.010,open,,,,,,
57.767,6.067,8.000,0.010,-0.010,open,,,,,,
58.149,6.067,8.000,0.081,0.093,open,,,,,,
58.159,6.240,8.000,0.081,0.093,open,,,,,,
58.554,6.240,8.000,0.081,0.126,open,,,,,,
58.567,6.240,8.000,0.081,0.126,open,,,,,,
58.949,6.240,8.000,0.027,0.065,open,,,,,,
58.960,6.240,7.667,0.027,0.065,open,,,,,,
59.348,6.240,7.667,-0.003,-0.005,open,,,,,,
59.358,6.067,7.507,-0.003,-0.005,open,,,,,,
59.753,6.067,7.507,0.009,-0.017,open,,,,,,
59.766,6.067,7.187,0.009,-0.017,open,,,,,,
60.148,6.067,7.187,0.012,-0.002,open,,,,,,
60.159,5.907,7.187,0.012,-0.002,open,,,,,,
60.553,5.907,7.187,0.039,-0.019,open,,,,,,
60.562,5.907,7.027,0.039,-0.019,open,,,,,,
60.947,5.907,7.027,0.013,-0.056,open,,,,,,
60.955,5.760,6.880,0.013,-0.056,open,,,,,,
61.349,5.760,6.880,0.012,-0.053,open,,,,,,
61.358,5.600,6.707,0.012,-0.053,open,,,,,,
61.753,5.600,6.707,0.044,-0.043,open,,,,,,
61.763,5.587,6.387,0.044,-0.043,open,,,,,,
62.149,5.587,6.387,0.021,-0.072,open,,,,,,
62.158,5.427,6.240,0.021,-0.072,open,,,,,,
62.553,5.427,6.240,-0.023,-0.107,open,,,,,,
62.566,5.120,6.227,-0.023,-0.107,open,,,,,,
62.950,5.120,6.227,0.001,-0.068,open,,,,,,
62.959,5.107,6.067,0.001,-0.068,open,,,,,,
63.349,5.107,6.067,0.015,-0.075,open,,,,,,
63.360,4.787,5.760,0.015,-0.075,open,,,,,,
63.754,4.787,5.760,0.029,-0.045,open,,,,,,
63.764,4.787,5.760,0.029,-0.045,open,,,,,,
64.149,4.787,5.760,0.018,-0.064,open,,,,,,
64.157,4.640,5.587,0.018,-0.064,open,,,,,,
64.553,4.640,5.587,0.035,-0.005,open,,,,,,
64.560,4.480,5.587,0.035,-0.005,open,,,,,,
64.950,4.480,5.587,0.035,-0.036,open,,,,,,
64.968,4.307,5.427,0.035,-0.036,open,,,,,,
65.349,4.307,5.427,0.029,-0.029,open,,,,,,
65.365,4.147,5.267,0.029,-0.029,open,,,,,,
65.755,4.147,5.267,0.030,0.015,open,,,,,,
65.765,4.000,4.960,0.030,0.015,open,,,,,,
66.150,4.000,4.960,0.028,0.018,open,,,,,,
66.160,3.827,4.787,0.028,0.018,open,,,,,,
66.553,3.827,4.787,0.035,0.056,open,,,,,,
66.561,3.667,4.787,0.035,0.056,open,,,,,,
66.950,3.667,4.787,0.038,0.024,open,,,,,,
66.959,3.507,4.480,0.038,0.024,open,,,,,,
67.351,3.507,4.480,0.043,-0.034,open,,,,,,
67.359,3.027,4.307,0.043,-0.034,open,,,,,,
67.754,3.027,4.307,0.031,-0.048,open,,,,,,
67.764,2.880,4.147,0.031,-0.048,open,,,,,,
68.150,2.880,4.147,0.015,-0.039,open,,,,,,
68.161,2.547,3.840,0.015,-0.039,open,,,,,,
68.555,2.547,3.840,0.020,-0.082,open,,,,,,
68.564,2.240,3.667,0.020,-0.082,open,,,,,,
68.950,2.240,3.667,0.049,-0.054,open,,,,,,
68.961,2.240,3.667,0.049,-0.054,open,,,,,,
69.350,2.240,3.667,0.053,-0.033,open,,,,,,
69.358,1.907,3.360,0.053,-0.033,open,,,,,,
69.755,1.907,3.360,0.049,0.017,open,,,,,,
69.765,1.760,3.360,0.049,0.017,open,,,,,,
70.150,1.760,3.360,-0.020,-0.128,open,,,,,,
70.159,1.267,2.880,-0.020,-0.128,open,,,,,,
70.555,1.267,2.880,0.017,-0.150,open,,,,,,
70.563,1.120,2.720,0.017,-0.150,open,,,,,,
70.950,1.120,2.720,-0.005,-0.121,open,,,,,,
70.960,0.947,2.707,-0.005,-0.121,open,,,,,,
71.349,0.947,2.707,-0.033,-0.099,open,,,,,,
71.364,0.480,2.387,-0.033,-0.099,open,,,,,,
71.754,0.480,2.387,-0.015,-0.124,open,,,,,,
71.765,0.307,2.387,-0.015,-0.124,open,,,,,,
72.150,0.307,2.387,0.005,-0.103,open,,,,,,
72.158,0.147,2.227,0.005,-0.103,open,,,,,,
72.553,0.147,2.227,0.031,-0.101,open,,,,,,
72.567,0.000,2.067,0.031,-0.101,open,,,,,,
72.949,0.000,2.067,0.027,-0.180,open,,,,,,
72.958,-0.173,1.600,0.027,-0.180,open,,,,,,
73.354,-0.173,1.600,0.019,-0.157,open,,,,,,
73.366,-0.493,1.427,0.019,-0.157,open,,,,,,
73.753,-0.493,1.427,0.005,-0.199,open,,,,,,
73.764,-0.653,1.120,0.005,-0.199,open,,,,,,
74.149,-0.653,1.120,-0.007,-0.198,open,,,,,,
74.159,-0.973,1.267,-0.007,-0.198,open,,,,,,
74.554,-0.973,1.267,0.066,-0.062,open,,,,,,
74.563,-0.973,1.267,0.066,-0.062,open,,,,,,
74.955,-0.973,1.267,0.091,-0.037,open,,,,,,
74.963,-1.120,1.107,0.091,-0.037,open,,,,,,
