time_sec,x,y,vx,vy,sampling_time_sec,actuator_id,command,actuator_position_mm,actuator_speed_mms,event_type
0.028,,,,,,1570,,,,CAN_SEND
0.230,,,,,,1572,,,,CAN_SEND
0.432,,,,,,1574,,,,CAN_SEND
0.634,,,,,,0,,,,CAN_SEND
0.837,,,,,,0,,,,CAN_SEND
1.039,,,,,,0,,,,CAN_SEND
1.242,,,,,,546,,,,CAN_SEND
1.444,,,,,,548,,,,CAN_SEND
1.646,,,,,,550,,,,CAN_SEND
1.890,,,0.052,-0.140,1744849540.422,550,,,,GPS_FRAME
1.903,1346945.280,1844211.200,0.052,-0.140,1744849540.422,550,,,,INITIAL_POSITION
1.913,1346945.280,1844211.200,0.052,-0.140,1744849540.422,22,,100.0,,PDO_FEEDBACK
1.956,1346945.280,1844211.200,0.052,-0.140,1744849540.422,22,,100.0,,PDO_FEEDBACK
1.991,1346945.280,1844211.200,0.052,-0.140,1744849540.422,22,,100.0,,PDO_FEEDBACK
2.022,1346945.280,1844211.200,0.052,-0.140,1744849540.422,22,,100.0,,PDO_FEEDBACK
2.053,1346945.280,1844211.200,0.052,-0.140,1744849540.422,22,,100.0,,PDO_FEEDBACK
2.111,1346945.280,1844211.200,0.052,-0.140,1744849540.422,22,,100.0,,PDO_FEEDBACK
2.267,1346945.280,1844211.200,0.052,-0.140,1744849540.422,22,,100.0,,PDO_FEEDBACK
2.290,1346945.280,1844211.200,0.011,-0.161,1744849540.821,22,,100.0,,GPS_FRAME
2.302,1346944.813,1844211.213,0.011,-0.161,1744849540.834,22,,100.0,,RELATIVE_FRAME
2.517,1346944.813,1844211.213,0.011,-0.161,1744849540.834,22,,100.0,,PDO_FEEDBACK
2.703,1346944.813,1844211.213,-0.136,-0.174,1744849541.234,22,,100.0,,GPS_FRAME
2.717,1346944.333,1844211.680,-0.136,-0.174,1744849541.249,22,,100.0,,RELATIVE_FRAME
2.768,1346944.333,1844211.680,-0.136,-0.174,1744849541.249,22,,100.0,,PDO_FEEDBACK
3.017,1346944.333,1844211.680,-0.136,-0.174,1744849541.249,22,,100.0,,PDO_FEEDBACK
3.090,1346944.333,1844211.680,-0.113,-0.116,1744849541.621,22,,100.0,,GPS_FRAME
3.101,1346944.000,1844211.680,-0.113,-0.116,1744849541.632,22,,100.0,,RELATIVE_FRAME
3.267,1346944.000,1844211.680,-0.113,-0.116,1744849541.632,22,,100.0,,PDO_FEEDBACK
3.497,1346944.000,1844211.680,-0.012,-0.056,1744849542.029,22,,100.0,,GPS_FRAME
3.507,1346943.853,1844212.000,-0.012,-0.056,1744849542.038,22,,100.0,,RELATIVE_FRAME
3.517,1346943.853,1844212.000,-0.012,-0.056,1744849542.038,22,,100.0,,PDO_FEEDBACK
3.767,1346943.853,1844212.000,-0.012,-0.056,1744849542.038,22,,100.0,,PDO_FEEDBACK
3.893,1346943.853,1844212.000,0.033,-0.097,1744849542.424,22,,100.0,,GPS_FRAME
3.905,1346943.693,1844212.000,0.033,-0.097,1744849542.436,22,,100.0,,RELATIVE_FRAME
4.017,1346943.693,1844212.000,0.033,-0.097,1744849542.436,22,,100.0,,PDO_FEEDBACK
4.268,1346943.693,1844212.000,0.033,-0.097,1744849542.436,22,,100.0,,PDO_FEEDBACK
4.290,1346943.693,1844212.000,0.023,-0.135,1744849542.822,22,,100.0,,GPS_FRAME
4.301,1346943.360,1844212.000,0.023,-0.135,1744849542.833,22,,100.0,,RELATIVE_FRAME
4.517,1346943.360,1844212.000,0.023,-0.135,1744849542.833,22,,100.0,,PDO_FEEDBACK
4.703,1346943.360,1844212.000,0.034,-0.189,1744849543.234,22,,100.0,,GPS_FRAME
4.714,1346943.213,1844212.160,0.034,-0.189,1744849543.245,22,,100.0,,RELATIVE_FRAME
4.767,1346943.213,1844212.160,0.034,-0.189,1744849543.245,22,,100.0,,PDO_FEEDBACK
5.017,1346943.213,1844212.160,0.034,-0.189,1744849543.245,22,,100.0,,PDO_FEEDBACK
5.091,1346943.213,1844212.160,-0.028,-0.130,1744849543.622,22,,100.0,,GPS_FRAME
5.101,1346943.040,1844212.333,-0.028,-0.130,1744849543.633,22,,100.0,,RELATIVE_FRAME
5.268,1346943.040,1844212.333,-0.028,-0.130,1744849543.633,22,,100.0,,PDO_FEEDBACK
5.494,1346943.040,1844212.333,-0.120,-0.106,1744849544.025,22,,100.0,,GPS_FRAME
5.504,1346942.560,1844212.640,-0.120,-0.106,1744849544.036,22,,100.0,,RELATIVE_FRAME
5.517,1346942.560,1844212.640,-0.120,-0.106,1744849544.036,22,,100.0,,PDO_FEEDBACK
5.767,1346942.560,1844212.640,-0.120,-0.106,1744849544.036,22,,100.0,,PDO_FEEDBACK
5.890,1346942.560,1844212.640,-0.031,-0.050,1744849544.422,22,,100.0,,GPS_FRAME
5.905,1346942.400,1844212.800,-0.031,-0.050,1744849544.437,22,,100.0,,RELATIVE_FRAME
6.019,1346942.400,1844212.800,-0.031,-0.050,1744849544.437,22,,100.0,,PDO_FEEDBACK
6.267,1346942.400,1844212.800,-0.031,-0.050,1744849544.437,22,,100.0,,PDO_FEEDBACK
6.291,1346942.400,1844212.800,-0.060,0.106,1744849544.823,22,,100.0,,GPS_FRAME
6.303,1346942.240,1844213.280,-0.060,0.106,1744849544.835,22,,100.0,,RELATIVE_FRAME
6.517,1346942.240,1844213.280,-0.060,0.106,1744849544.835,22,,100.0,,PDO_FEEDBACK
6.702,1346942.240,1844213.280,0.036,0.141,1744849545.234,22,,100.0,,GPS_FRAME
6.714,1346942.080,1844213.280,0.036,0.141,1744849545.246,22,,100.0,,RELATIVE_FRAME
6.767,1346942.080,1844213.280,0.036,0.141,1744849545.246,22,,100.0,,PDO_FEEDBACK
6.857,1346942.080,1844213.280,0.036,0.141,1744849545.246,546,open,100.0,,CAN_SEND
7.017,1346942.080,1844213.280,0.036,0.141,1744849545.246,22,open,23.2,,PDO_FEEDBACK
7.092,1346942.080,1844213.280,-0.019,0.079,1744849545.623,22,open,23.2,,GPS_FRAME
7.101,1346941.920,1844213.760,-0.019,0.079,1744849545.633,22,open,23.2,,RELATIVE_FRAME
7.267,1346941.920,1844213.760,-0.019,0.079,1744849545.633,22,open,-28.0,,PDO_FEEDBACK
7.495,1346941.920,1844213.760,0.080,0.003,1744849546.027,22,open,-28.0,,GPS_FRAME
7.502,1346941.920,1844213.760,0.080,0.003,1744849546.034,22,open,-28.0,,RELATIVE_FRAME
7.517,1346941.920,1844213.760,0.080,0.003,1744849546.034,22,open,-2.4,,PDO_FEEDBACK
7.767,1346941.920,1844213.760,0.080,0.003,1744849546.034,22,open,-2.4,,PDO_FEEDBACK
7.862,1346941.920,1844213.760,0.080,0.003,1744849546.034,1558,SDO_READ,-2.4,,CAN_SEND
7.891,1346941.920,1844213.760,0.074,-0.060,1744849546.422,1558,SDO_READ,-2.4,,GPS_FRAME
7.904,1346941.760,1844213.613,0.074,-0.060,1744849546.435,1558,SDO_READ,-2.4,,RELATIVE_FRAME
8.267,1346941.760,1844213.613,0.074,-0.060,1744849546.435,22,SDO_READ,-2.4,,PDO_FEEDBACK
8.292,1346941.760,1844213.613,0.116,-0.057,1744849546.824,22,SDO_READ,-2.4,,GPS_FRAME
8.304,1346941.600,1844213.613,0.116,-0.057,1744849546.836,22,SDO_READ,-2.4,,RELATIVE_FRAME
8.516,1346941.600,1844213.613,0.116,-0.057,1744849546.836,22,SDO_READ,-2.5,,PDO_FEEDBACK
8.704,1346941.600,1844213.613,0.000,0.008,1744849547.236,22,SDO_READ,-2.5,,GPS_FRAME
8.716,1346941.453,1844214.093,0.000,0.008,1744849547.247,22,SDO_READ,-2.5,,RELATIVE_FRAME
8.767,1346941.453,1844214.093,0.000,0.008,1744849547.247,22,SDO_READ,-2.5,,PDO_FEEDBACK
9.016,1346941.453,1844214.093,0.000,0.008,1744849547.247,22,SDO_READ,-2.5,,PDO_FEEDBACK
9.091,1346941.453,1844214.093,0.011,-0.032,1744849547.623,22,SDO_READ,-2.5,,GPS_FRAME
9.103,1346941.440,1844214.240,0.011,-0.032,1744849547.635,22,SDO_READ,-2.5,,RELATIVE_FRAME
9.498,1346941.440,1844214.240,-0.052,-0.004,1744849548.029,22,SDO_READ,-2.5,,GPS_FRAME
9.507,1346941.280,1844214.400,-0.052,-0.004,1744849548.039,22,SDO_READ,-2.5,,RELATIVE_FRAME
9.892,1346941.280,1844214.400,-0.097,0.062,1744849548.424,22,SDO_READ,-2.5,,GPS_FRAME
9.902,1346940.973,1844214.560,-0.097,0.062,1744849548.434,22,SDO_READ,-2.5,,RELATIVE_FRAME
10.266,1346940.973,1844214.560,-0.097,0.062,1744849548.434,22,SDO_READ,-2.6,,PDO_FEEDBACK
10.290,1346940.973,1844214.560,-0.129,0.089,1744849548.822,22,SDO_READ,-2.6,,GPS_FRAME
10.303,1346940.973,1844214.733,-0.129,0.089,1744849548.835,22,SDO_READ,-2.6,,RELATIVE_FRAME
10.699,1346940.973,1844214.733,-0.117,0.058,1744849549.230,22,SDO_READ,-2.6,,GPS_FRAME
10.709,1346940.813,1844214.880,-0.117,0.058,1744849549.240,22,SDO_READ,-2.6,,RELATIVE_FRAME
11.016,1346940.813,1844214.880,-0.117,0.058,1744849549.240,22,SDO_READ,-2.7,,PDO_FEEDBACK
11.092,1346940.813,1844214.880,-0.116,0.056,1744849549.623,22,SDO_READ,-2.7,,GPS_FRAME
11.105,1346940.800,1844215.040,-0.116,0.056,1744849549.636,22,SDO_READ,-2.7,,RELATIVE_FRAME
11.494,1346940.800,1844215.040,-0.152,0.040,1744849550.026,22,SDO_READ,-2.7,,GPS_FRAME
11.503,1346940.640,1844215.200,-0.152,0.040,1744849550.034,22,SDO_READ,-2.7,,RELATIVE_FRAME
11.516,1346940.640,1844215.200,-0.152,0.040,1744849550.034,22,SDO_READ,-2.7,,PDO_FEEDBACK
11.891,1346940.640,1844215.200,-0.059,-0.025,1744849550.423,22,SDO_READ,-2.7,,GPS_FRAME
11.906,1346940.800,1844215.200,-0.059,-0.025,1744849550.437,22,SDO_READ,-2.7,,RELATIVE_FRAME
12.017,1346940.800,1844215.200,-0.059,-0.025,1744849550.437,22,SDO_READ,22.8,,PDO_FEEDBACK
12.266,1346940.800,1844215.200,-0.059,-0.025,1744849550.437,22,SDO_READ,-2.8,,PDO_FEEDBACK
12.291,1346940.800,1844215.200,-0.007,-0.179,1744849550.823,22,SDO_READ,-2.8,,GPS_FRAME
12.301,1346940.640,1844215.200,-0.007,-0.179,1744849550.832,22,SDO_READ,-2.8,,RELATIVE_FRAME
12.699,1346940.640,1844215.200,0.066,-0.150,1744849551.230,22,SDO_READ,-2.8,,GPS_FRAME
12.708,1346940.640,1844215.040,0.066,-0.150,1744849551.239,22,SDO_READ,-2.8,,RELATIVE_FRAME
12.766,1346940.640,1844215.040,0.066,-0.150,1744849551.239,22,SDO_READ,-2.8,,PDO_FEEDBACK
13.017,1346940.640,1844215.040,0.066,-0.150,1744849551.239,22,SDO_READ,-2.8,,PDO_FEEDBACK
13.095,1346940.640,1844215.040,0.105,-0.055,1744849551.627,22,SDO_READ,-2.8,,GPS_FRAME
13.104,1346940.800,1844215.360,0.105,-0.055,1744849551.636,22,SDO_READ,-2.8,,RELATIVE_FRAME
13.266,1346940.800,1844215.360,0.105,-0.055,1744849551.636,22,SDO_READ,-2.9,,PDO_FEEDBACK
13.495,1346940.800,1844215.360,0.089,-0.150,1744849552.026,22,SDO_READ,-2.9,,GPS_FRAME
13.504,1346940.480,1844215.200,0.089,-0.150,1744849552.036,22,SDO_READ,-2.9,,RELATIVE_FRAME
13.516,1346940.480,1844215.200,0.089,-0.150,1744849552.036,22,SDO_READ,-2.9,,PDO_FEEDBACK
13.766,1346940.480,1844215.200,0.089,-0.150,1744849552.036,22,SDO_READ,-2.9,,PDO_FEEDBACK
13.891,1346940.480,1844215.200,0.073,-0.057,1744849552.423,22,SDO_READ,-2.9,,GPS_FRAME
13.903,1346940.480,1844215.360,0.073,-0.057,1744849552.434,22,SDO_READ,-2.9,,RELATIVE_FRAME
14.265,1346940.480,1844215.360,0.073,-0.057,1744849552.434,22,SDO_READ,-2.9,,PDO_FEEDBACK
14.289,1346940.480,1844215.360,0.052,0.010,1744849552.821,22,SDO_READ,-2.9,,GPS_FRAME
14.300,1346940.480,1844215.693,0.052,0.010,1744849552.832,22,SDO_READ,-2.9,,RELATIVE_FRAME
14.703,1346940.480,1844215.693,-0.043,-0.044,1744849553.234,22,SDO_READ,-2.9,,GPS_FRAME
14.715,1346940.320,1844215.680,-0.043,-0.044,1744849553.246,22,SDO_READ,-2.9,,RELATIVE_FRAME
15.016,1346940.320,1844215.680,-0.043,-0.044,1744849553.246,22,SDO_READ,-3.0,,PDO_FEEDBACK
15.090,1346940.320,1844215.680,-0.050,-0.047,1744849553.621,22,SDO_READ,-3.0,,GPS_FRAME
15.103,1346940.320,1844215.693,-0.050,-0.047,1744849553.634,22,SDO_READ,-3.0,,RELATIVE_FRAME
15.265,1346940.320,1844215.693,-0.050,-0.047,1744849553.634,22,SDO_READ,-3.0,,PDO_FEEDBACK
15.494,1346940.320,1844215.693,-0.110,-0.094,1744849554.026,22,SDO_READ,-3.0,,GPS_FRAME
15.506,1346940.000,1844215.853,-0.110,-0.094,1744849554.037,22,SDO_READ,-3.0,,RELATIVE_FRAME
15.892,1346940.000,1844215.853,-0.075,-0.182,1744849554.423,22,SDO_READ,-3.0,,GPS_FRAME
15.900,1346940.000,1844215.853,-0.075,-0.182,1744849554.431,22,SDO_READ,-3.0,,RELATIVE_FRAME
16.266,1346940.000,1844215.853,-0.075,-0.182,1744849554.431,22,SDO_READ,-3.1,,PDO_FEEDBACK
16.290,1346940.000,1844215.853,-0.121,-0.127,1744849554.821,22,SDO_READ,-3.1,,GPS_FRAME
16.300,1346939.693,1844216.000,-0.121,-0.127,1744849554.832,22,SDO_READ,-3.1,,RELATIVE_FRAME
16.515,1346939.693,1844216.000,-0.121,-0.127,1744849554.832,22,SDO_READ,-3.1,,PDO_FEEDBACK
16.701,1346939.693,1844216.000,-0.081,-0.029,1744849555.232,22,SDO_READ,-3.1,,GPS_FRAME
16.711,1346939.693,1844216.333,-0.081,-0.029,1744849555.243,22,SDO_READ,-3.1,,RELATIVE_FRAME
16.766,1346939.693,1844216.333,-0.081,-0.029,1744849555.243,22,SDO_READ,-3.1,,PDO_FEEDBACK
17.090,1346939.693,1844216.333,-0.072,-0.085,1744849555.621,22,SDO_READ,-3.1,,GPS_FRAME
17.097,1346939.693,1844216.333,-0.072,-0.085,1744849555.629,22,SDO_READ,-3.1,,RELATIVE_FRAME
17.495,1346939.693,1844216.333,-0.143,-0.043,1744849556.026,22,SDO_READ,-3.1,,GPS_FRAME
17.505,1346939.360,1844216.480,-0.143,-0.043,1744849556.036,22,SDO_READ,-3.1,,RELATIVE_FRAME
17.765,1346939.360,1844216.480,-0.143,-0.043,1744849556.036,22,SDO_READ,-54.4,,PDO_FEEDBACK
17.893,1346939.360,1844216.480,-0.083,0.030,1744849556.424,22,SDO_READ,-54.4,,GPS_FRAME
17.908,1346939.360,1844216.640,-0.083,0.030,1744849556.439,22,SDO_READ,-54.4,,RELATIVE_FRAME
18.265,1346939.360,1844216.640,-0.083,0.030,1744849556.439,22,SDO_READ,-80.1,,PDO_FEEDBACK
18.290,1346939.360,1844216.640,-0.082,0.111,1744849556.822,22,SDO_READ,-80.1,,GPS_FRAME
18.299,1346939.213,1844216.973,-0.082,0.111,1744849556.830,22,SDO_READ,-80.1,,RELATIVE_FRAME
18.700,1346939.213,1844216.973,-0.045,0.014,1744849557.232,22,SDO_READ,-80.1,,GPS_FRAME
18.712,1346939.213,1844216.973,-0.045,0.014,1744849557.244,22,SDO_READ,-80.1,,RELATIVE_FRAME
19.092,1346939.213,1844216.973,-0.061,0.030,1744849557.624,22,SDO_READ,-80.1,,GPS_FRAME
19.102,1346939.040,1844217.120,-0.061,0.030,1744849557.634,22,SDO_READ,-80.1,,RELATIVE_FRAME
19.265,1346939.040,1844217.120,-0.061,0.030,1744849557.634,22,SDO_READ,-182.6,,PDO_FEEDBACK
19.496,1346939.040,1844217.120,-0.020,0.087,1744849558.027,22,SDO_READ,-182.6,,GPS_FRAME
19.512,1346939.040,1844217.440,-0.020,0.087,1744849558.043,22,SDO_READ,-182.6,,RELATIVE_FRAME
19.766,1346939.040,1844217.440,-0.020,0.087,1744849558.043,22,SDO_READ,-208.2,,PDO_FEEDBACK
19.893,1346939.040,1844217.440,0.043,0.100,1744849558.424,22,SDO_READ,-208.2,,GPS_FRAME
19.904,1346939.040,1844217.613,0.043,0.100,1744849558.435,22,SDO_READ,-208.2,,RELATIVE_FRAME
20.265,1346939.040,1844217.613,0.043,0.100,1744849558.435,22,SDO_READ,-233.8,,PDO_FEEDBACK
20.290,1346939.040,1844217.613,0.010,0.049,1744849558.822,22,SDO_READ,-233.8,,GPS_FRAME
20.300,1346938.720,1844217.760,0.010,0.049,1744849558.832,22,SDO_READ,-233.8,,RELATIVE_FRAME
20.515,1346938.720,1844217.760,0.010,0.049,1744849558.832,22,SDO_READ,-233.9,,PDO_FEEDBACK
20.702,1346938.720,1844217.760,0.111,0.074,1744849559.233,22,SDO_READ,-233.9,,GPS_FRAME
20.712,1346938.573,1844217.760,0.111,0.074,1744849559.243,22,SDO_READ,-233.9,,RELATIVE_FRAME
20.765,1346938.573,1844217.760,0.111,0.074,1744849559.243,22,SDO_READ,-259.5,,PDO_FEEDBACK
21.092,1346938.573,1844217.760,0.046,0.103,1744849559.624,22,SDO_READ,-259.5,,GPS_FRAME
21.101,1346938.240,1844217.920,0.046,0.103,1744849559.633,22,SDO_READ,-259.5,,RELATIVE_FRAME
21.265,1346938.240,1844217.920,0.046,0.103,1744849559.633,22,SDO_READ,-285.1,,PDO_FEEDBACK
21.496,1346938.240,1844217.920,-0.008,0.086,1744849560.027,22,SDO_READ,-285.1,,GPS_FRAME
21.506,1346937.933,1844217.933,-0.008,0.086,1744849560.038,22,SDO_READ,-285.1,,RELATIVE_FRAME
21.896,1346937.933,1844217.933,0.015,0.059,1744849560.428,22,SDO_READ,-285.1,,GPS_FRAME
21.908,1346937.933,1844218.093,0.015,0.059,1744849560.440,22,SDO_READ,-285.1,,RELATIVE_FRAME
22.015,1346937.933,1844218.093,0.015,0.059,1744849560.440,22,SDO_READ,98.9,,PDO_FEEDBACK
22.290,1346937.933,1844218.093,0.039,-0.009,1744849560.822,22,SDO_READ,98.9,,GPS_FRAME
22.299,1346937.760,1844218.093,0.039,-0.009,1744849560.831,22,SDO_READ,98.9,,RELATIVE_FRAME
22.514,1346937.760,1844218.093,0.039,-0.009,1744849560.831,22,SDO_READ,98.9,,PDO_FEEDBACK
22.695,1346937.760,1844218.093,0.029,-0.082,1744849561.227,22,SDO_READ,98.9,,GPS_FRAME
22.705,1346937.453,1844218.093,0.029,-0.082,1744849561.236,22,SDO_READ,98.9,,RELATIVE_FRAME
23.014,1346937.453,1844218.093,0.029,-0.082,1744849561.236,22,SDO_READ,98.9,,PDO_FEEDBACK
23.091,1346937.453,1844218.093,0.003,-0.180,1744849561.623,22,SDO_READ,98.9,,GPS_FRAME
23.104,1346937.280,1844217.933,0.003,-0.180,1744849561.635,22,SDO_READ,98.9,,RELATIVE_FRAME
23.495,1346937.280,1844217.933,0.005,-0.164,1744849562.026,22,SDO_READ,98.9,,GPS_FRAME
23.505,1346936.813,1844217.933,0.005,-0.164,1744849562.037,22,SDO_READ,98.9,,RELATIVE_FRAME
23.514,1346936.813,1844217.933,0.005,-0.164,1744849562.037,22,SDO_READ,98.9,,PDO_FEEDBACK
23.890,1346936.813,1844217.933,-0.051,-0.072,1744849562.422,22,SDO_READ,98.9,,GPS_FRAME
23.902,1346936.800,1844218.240,-0.051,-0.072,1744849562.434,22,SDO_READ,98.9,,RELATIVE_FRAME
24.014,1346936.800,1844218.240,-0.051,-0.072,1744849562.434,22,SDO_READ,98.9,,PDO_FEEDBACK
24.291,1346936.800,1844218.240,-0.030,-0.007,1744849562.822,22,SDO_READ,98.9,,GPS_FRAME
24.304,1346936.480,1844218.240,-0.030,-0.007,1744849562.836,22,SDO_READ,98.9,,RELATIVE_FRAME
24.514,1346936.480,1844218.240,-0.030,-0.007,1744849562.836,22,SDO_READ,98.9,,PDO_FEEDBACK
24.694,1346936.480,1844218.240,0.058,-0.020,1744849563.226,22,SDO_READ,98.9,,GPS_FRAME
24.704,1346936.333,1844218.240,0.058,-0.020,1744849563.236,22,SDO_READ,98.9,,RELATIVE_FRAME
25.091,1346936.333,1844218.240,0.056,0.005,1744849563.623,22,SDO_READ,98.9,,GPS_FRAME
25.100,1346936.000,1844218.240,0.056,0.005,1744849563.632,22,SDO_READ,98.9,,RELATIVE_FRAME
25.496,1346936.000,1844218.240,0.068,-0.057,1744849564.027,22,SDO_READ,98.9,,GPS_FRAME
25.507,1346935.853,1844218.400,0.068,-0.057,1744849564.039,22,SDO_READ,98.9,,RELATIVE_FRAME
25.514,1346935.853,1844218.400,0.068,-0.057,1744849564.039,22,SDO_READ,98.9,,PDO_FEEDBACK
25.764,1346935.853,1844218.400,0.068,-0.057,1744849564.039,22,SDO_READ,98.9,,PDO_FEEDBACK
25.890,1346935.853,1844218.400,0.064,-0.153,1744849564.421,22,SDO_READ,98.9,,GPS_FRAME
25.908,1346935.520,1844217.933,0.064,-0.153,1744849564.439,22,SDO_READ,98.9,,RELATIVE_FRAME
26.291,1346935.520,1844217.933,0.073,-0.239,1744849564.823,22,SDO_READ,98.9,,GPS_FRAME
26.299,1346935.213,1844217.933,0.073,-0.239,1744849564.831,22,SDO_READ,98.9,,RELATIVE_FRAME
26.695,1346935.213,1844217.933,0.173,-0.276,1744849565.227,22,SDO_READ,98.9,,GPS_FRAME
26.705,1346935.200,1844217.920,0.173,-0.276,1744849565.236,22,SDO_READ,98.9,,RELATIVE_FRAME
26.764,1346935.200,1844217.920,0.173,-0.276,1744849565.236,22,SDO_READ,98.9,,PDO_FEEDBACK
27.091,1346935.200,1844217.920,0.144,-0.230,1744849565.623,22,SDO_READ,98.9,,GPS_FRAME
27.109,1346935.040,1844217.920,0.144,-0.230,1744849565.641,22,SDO_READ,98.9,,RELATIVE_FRAME
27.496,1346935.040,1844217.920,0.132,-0.096,1744849566.028,22,SDO_READ,98.9,,GPS_FRAME
27.512,1346934.720,1844217.933,0.132,-0.096,1744849566.044,22,SDO_READ,98.9,,RELATIVE_FRAME
27.891,1346934.720,1844217.933,0.052,-0.068,1744849566.423,22,SDO_READ,98.9,,GPS_FRAME
27.902,1346934.560,1844217.933,0.052,-0.068,1744849566.433,22,SDO_READ,98.9,,RELATIVE_FRAME
28.013,1346934.560,1844217.933,0.052,-0.068,1744849566.433,22,SDO_READ,98.9,,PDO_FEEDBACK
28.291,1346934.560,1844217.933,0.032,-0.126,1744849566.822,22,SDO_READ,98.9,,GPS_FRAME
28.299,1346934.240,1844218.093,0.032,-0.126,1744849566.831,22,SDO_READ,98.9,,RELATIVE_FRAME
28.695,1346934.240,1844218.093,-0.074,-0.231,1744849567.227,22,SDO_READ,98.9,,GPS_FRAME
28.705,1346933.920,1844217.920,-0.074,-0.231,1744849567.236,22,SDO_READ,98.9,,RELATIVE_FRAME
29.100,1346933.920,1844217.920,-0.033,-0.167,1744849567.631,22,SDO_READ,98.9,,GPS_FRAME
29.108,1346933.760,1844217.760,-0.033,-0.167,1744849567.640,22,SDO_READ,98.9,,RELATIVE_FRAME
29.263,1346933.760,1844217.760,-0.033,-0.167,1744849567.640,22,SDO_READ,98.9,,PDO_FEEDBACK
29.495,1346933.760,1844217.760,-0.101,-0.124,1744849568.026,22,SDO_READ,98.9,,GPS_FRAME
29.506,1346933.280,1844217.760,-0.101,-0.124,1744849568.037,22,SDO_READ,98.9,,RELATIVE_FRAME
29.893,1346933.280,1844217.760,-0.050,-0.194,1744849568.425,22,SDO_READ,98.9,,GPS_FRAME
29.905,1346933.280,1844217.613,-0.050,-0.194,1744849568.436,22,SDO_READ,98.9,,RELATIVE_FRAME
30.264,1346933.280,1844217.613,-0.050,-0.194,1744849568.436,22,SDO_READ,98.9,,PDO_FEEDBACK
30.292,1346933.280,1844217.613,-0.018,-0.112,1744849568.824,22,SDO_READ,98.9,,GPS_FRAME
30.306,1346932.973,1844217.613,-0.018,-0.112,1744849568.838,22,SDO_READ,98.9,,RELATIVE_FRAME
30.695,1346932.973,1844217.613,-0.070,-0.039,1744849569.226,22,SDO_READ,98.9,,GPS_FRAME
30.704,1346932.800,1844217.920,-0.070,-0.039,1744849569.235,22,SDO_READ,98.9,,RELATIVE_FRAME
30.764,1346932.800,1844217.920,-0.070,-0.039,1744849569.235,22,SDO_READ,98.9,,PDO_FEEDBACK
31.013,1346932.800,1844217.920,-0.070,-0.039,1744849569.235,22,SDO_READ,98.9,,PDO_FEEDBACK
31.098,1346932.800,1844217.920,-0.021,0.061,1744849569.629,22,SDO_READ,98.9,,GPS_FRAME
31.108,1346932.800,1844217.933,-0.021,0.061,1744849569.639,22,SDO_READ,98.9,,RELATIVE_FRAME
31.496,1346932.800,1844217.933,0.114,0.092,1744849570.027,22,SDO_READ,98.9,,GPS_FRAME
31.504,1346932.800,1844217.920,0.114,0.092,1744849570.036,22,SDO_READ,98.9,,RELATIVE_FRAME
31.891,1346932.800,1844217.920,0.204,-0.003,1744849570.422,22,SDO_READ,98.9,,GPS_FRAME
31.907,1346932.480,1844217.453,0.204,-0.003,1744849570.438,22,SDO_READ,98.9,,RELATIVE_FRAME
32.013,1346932.480,1844217.453,0.204,-0.003,1744849570.438,22,SDO_READ,98.9,,PDO_FEEDBACK
32.288,1346932.480,1844217.453,0.130,-0.117,1744849570.820,22,SDO_READ,98.9,,GPS_FRAME
32.300,1346932.480,1844217.440,0.130,-0.117,1744849570.831,22,SDO_READ,98.9,,RELATIVE_FRAME
32.694,1346932.480,1844217.440,0.113,-0.188,1744849571.225,22,SDO_READ,98.9,,GPS_FRAME
32.705,1346932.320,1844216.973,0.113,-0.188,1744849571.237,22,SDO_READ,98.9,,RELATIVE_FRAME
33.013,1346932.320,1844216.973,0.113,-0.188,1744849571.237,22,SDO_READ,98.9,,PDO_FEEDBACK
33.089,1346932.320,1844216.973,0.057,-0.169,1744849571.621,22,SDO_READ,98.9,,GPS_FRAME
33.104,1346932.000,1844216.973,0.057,-0.169,1744849571.635,22,SDO_READ,98.9,,RELATIVE_FRAME
33.263,1346932.000,1844216.973,0.057,-0.169,1744849571.635,22,SDO_READ,98.9,,PDO_FEEDBACK
33.493,1346932.000,1844216.973,0.051,-0.197,1744849572.024,22,SDO_READ,98.9,,GPS_FRAME
33.504,1346932.000,1844216.973,0.051,-0.197,1744849572.035,22,SDO_READ,98.9,,RELATIVE_FRAME
33.762,1346932.000,1844216.973,0.051,-0.197,1744849572.035,22,SDO_READ,98.9,,PDO_FEEDBACK
33.891,1346932.000,1844216.973,0.045,-0.247,1744849572.422,22,SDO_READ,98.9,,GPS_FRAME
33.909,1346931.693,1844216.800,0.045,-0.247,1744849572.440,22,SDO_READ,98.9,,RELATIVE_FRAME
34.262,1346931.693,1844216.800,0.045,-0.247,1744849572.440,22,SDO_READ,98.9,,PDO_FEEDBACK
34.290,1346931.693,1844216.800,0.016,-0.276,1744849572.821,22,SDO_READ,98.9,,GPS_FRAME
34.301,1346931.680,1844216.640,0.016,-0.276,1744849572.833,22,SDO_READ,98.9,,RELATIVE_FRAME
34.693,1346931.680,1844216.640,0.062,-0.157,1744849573.224,22,SDO_READ,98.9,,GPS_FRAME
34.703,1346931.520,1844216.480,0.062,-0.157,1744849573.234,22,SDO_READ,98.9,,RELATIVE_FRAME
35.091,1346931.520,1844216.480,0.202,-0.186,1744849573.622,22,SDO_READ,98.9,,GPS_FRAME
35.099,1346931.680,1844216.320,0.202,-0.186,1744849573.631,22,SDO_READ,98.9,,RELATIVE_FRAME
35.263,1346931.680,1844216.320,0.202,-0.186,1744849573.631,22,SDO_READ,98.9,,PDO_FEEDBACK
35.494,1346931.680,1844216.320,0.089,-0.188,1744849574.025,22,SDO_READ,98.9,,GPS_FRAME
35.503,1346931.520,1844216.320,0.089,-0.188,1744849574.035,22,SDO_READ,98.9,,RELATIVE_FRAME
35.512,1346931.520,1844216.320,0.089,-0.188,1744849574.035,22,SDO_READ,98.9,,PDO_FEEDBACK
35.891,1346931.520,1844216.320,0.047,-0.088,1744849574.422,22,SDO_READ,98.9,,GPS_FRAME
35.902,1346931.520,1844216.160,0.047,-0.088,1744849574.433,22,SDO_READ,98.9,,RELATIVE_FRAME
36.262,1346931.520,1844216.160,0.047,-0.088,1744849574.433,22,SDO_READ,98.9,,PDO_FEEDBACK
36.291,1346931.520,1844216.160,0.058,-0.107,1744849574.823,22,SDO_READ,98.9,,GPS_FRAME
36.300,1346931.213,1844216.160,0.058,-0.107,1744849574.832,22,SDO_READ,98.9,,RELATIVE_FRAME
36.693,1346931.213,1844216.160,0.048,-0.082,1744849575.225,22,SDO_READ,98.9,,GPS_FRAME
36.702,1346931.213,1844216.000,0.048,-0.082,1744849575.233,22,SDO_READ,98.9,,RELATIVE_FRAME
36.762,1346931.213,1844216.000,0.048,-0.082,1744849575.233,22,SDO_READ,98.9,,PDO_FEEDBACK
37.091,1346931.213,1844216.000,0.116,0.048,1744849575.623,22,SDO_READ,98.9,,GPS_FRAME
37.103,1346931.520,1844216.000,0.116,0.048,1744849575.635,22,SDO_READ,98.9,,RELATIVE_FRAME
37.262,1346931.520,1844216.000,0.116,0.048,1744849575.635,22,SDO_READ,98.9,,PDO_FEEDBACK
37.494,1346931.520,1844216.000,0.252,0.018,1744849576.026,22,SDO_READ,98.9,,GPS_FRAME
37.505,1346931.520,1844215.693,0.252,0.018,1744849576.036,22,SDO_READ,98.9,,RELATIVE_FRAME
37.512,1346931.520,1844215.693,0.252,0.018,1744849576.036,22,SDO_READ,98.9,,PDO_FEEDBACK
37.890,1346931.520,1844215.693,0.182,-0.064,1744849576.422,22,SDO_READ,98.9,,GPS_FRAME
37.900,1346931.360,1844215.680,0.182,-0.064,1744849576.432,22,SDO_READ,98.9,,RELATIVE_FRAME
38.012,1346931.360,1844215.680,0.182,-0.064,1744849576.432,22,SDO_READ,98.9,,PDO_FEEDBACK
38.290,1346931.360,1844215.680,0.044,0.038,1744849576.821,22,SDO_READ,98.9,,GPS_FRAME
38.305,1346931.360,1844215.693,0.044,0.038,1744849576.836,22,SDO_READ,98.9,,RELATIVE_FRAME
38.695,1346931.360,1844215.693,0.057,-0.025,1744849577.226,22,SDO_READ,98.9,,GPS_FRAME
38.708,1346931.360,1844215.520,0.057,-0.025,1744849577.239,22,SDO_READ,98.9,,RELATIVE_FRAME
39.011,1346931.360,1844215.520,0.057,-0.025,1744849577.239,22,SDO_READ,98.9,,PDO_FEEDBACK
39.089,1346931.360,1844215.520,0.042,-0.028,1744849577.621,22,SDO_READ,98.9,,GPS_FRAME
39.099,1346931.360,1844215.520,0.042,-0.028,1744849577.631,22,SDO_READ,98.9,,RELATIVE_FRAME
39.493,1346931.360,1844215.520,-0.033,-0.038,1744849578.025,22,SDO_READ,98.9,,GPS_FRAME
39.505,1346931.213,1844215.360,-0.033,-0.038,1744849578.037,22,SDO_READ,98.9,,RELATIVE_FRAME
39.890,1346931.213,1844215.360,-0.074,-0.013,1744849578.422,22,SDO_READ,98.9,,GPS_FRAME
39.899,1346931.200,1844215.360,-0.074,-0.013,1744849578.430,22,SDO_READ,98.9,,RELATIVE_FRAME
40.012,1346931.200,1844215.360,-0.074,-0.013,1744849578.430,22,SDO_READ,98.9,,PDO_FEEDBACK
40.262,1346931.200,1844215.360,-0.074,-0.013,1744849578.430,22,SDO_READ,98.9,,PDO_FEEDBACK
40.291,1346931.200,1844215.360,-0.108,0.038,1744849578.823,22,SDO_READ,98.9,,GPS_FRAME
40.301,1346931.040,1844215.360,-0.108,0.038,1744849578.833,22,SDO_READ,98.9,,RELATIVE_FRAME
40.511,1346931.040,1844215.360,-0.108,0.038,1744849578.833,22,SDO_READ,98.9,,PDO_FEEDBACK
40.694,1346931.040,1844215.360,-0.005,0.095,1744849579.225,22,SDO_READ,98.9,,GPS_FRAME
40.702,1346931.213,1844215.360,-0.005,0.095,1744849579.234,22,SDO_READ,98.9,,RELATIVE_FRAME
41.011,1346931.213,1844215.360,-0.005,0.095,1744849579.234,22,SDO_READ,98.9,,PDO_FEEDBACK
41.093,1346931.213,1844215.360,0.015,0.136,1744849579.625,22,SDO_READ,98.9,,GPS_FRAME
41.102,1346931.213,1844215.360,0.015,0.136,1744849579.634,22,SDO_READ,98.9,,RELATIVE_FRAME
41.495,1346931.213,1844215.360,0.008,0.085,1744849580.026,22,SDO_READ,98.9,,GPS_FRAME
41.504,1346931.213,1844215.213,0.008,0.085,1744849580.035,22,SDO_READ,98.9,,RELATIVE_FRAME
41.511,1346931.213,1844215.213,0.008,0.085,1744849580.035,22,SDO_READ,98.9,,PDO_FEEDBACK
41.890,1346931.213,1844215.213,-0.011,0.080,1744849580.421,22,SDO_READ,98.9,,GPS_FRAME
41.903,1346931.213,1844215.200,-0.011,0.080,1744849580.435,22,SDO_READ,98.9,,RELATIVE_FRAME
42.294,1346931.213,1844215.200,0.077,0.066,1744849580.825,22,SDO_READ,98.9,,GPS_FRAME
42.308,1346931.213,1844215.200,0.077,0.066,1744849580.839,22,SDO_READ,98.9,,RELATIVE_FRAME
42.511,1346931.213,1844215.200,0.077,0.066,1744849580.839,22,SDO_READ,98.9,,PDO_FEEDBACK
42.694,1346931.213,1844215.200,0.104,0.131,1744849581.225,22,SDO_READ,98.9,,GPS_FRAME
42.705,1346931.520,1844215.213,0.104,0.131,1744849581.236,22,SDO_READ,98.9,,RELATIVE_FRAME
43.095,1346931.520,1844215.213,0.154,0.090,1744849581.626,22,SDO_READ,98.9,,GPS_FRAME
43.106,1346931.520,1844215.040,0.154,0.090,1744849581.637,22,SDO_READ,98.9,,RELATIVE_FRAME
43.261,1346931.520,1844215.040,0.154,0.090,1744849581.637,22,SDO_READ,98.9,,PDO_FEEDBACK
43.494,1346931.520,1844215.040,0.110,0.012,1744849582.026,22,SDO_READ,98.9,,GPS_FRAME
43.506,1346931.520,1844215.040,0.110,0.012,1744849582.037,22,SDO_READ,98.9,,RELATIVE_FRAME
43.511,1346931.520,1844215.040,0.110,0.012,1744849582.037,22,SDO_READ,98.9,,PDO_FEEDBACK
43.890,1346931.520,1844215.040,0.169,0.008,1744849582.421,22,SDO_READ,98.9,,GPS_FRAME
43.911,1346931.693,1844214.880,0.169,0.008,1744849582.442,22,SDO_READ,98.9,,RELATIVE_FRAME
44.261,1346931.693,1844214.880,0.169,0.008,1744849582.442,22,SDO_READ,98.9,,PDO_FEEDBACK
44.289,1346931.693,1844214.880,0.233,0.064,1744849582.821,22,SDO_READ,98.9,,GPS_FRAME
44.300,1346931.853,1844214.573,0.233,0.064,1744849582.831,22,SDO_READ,98.9,,RELATIVE_FRAME
44.512,1346931.853,1844214.573,0.233,0.064,1744849582.831,22,SDO_READ,98.9,,PDO_FEEDBACK
44.694,1346931.853,1844214.573,0.287,0.030,1744849583.225,22,SDO_READ,98.9,,GPS_FRAME
44.704,1346932.160,1844214.560,0.287,0.030,1744849583.236,22,SDO_READ,98.9,,RELATIVE_FRAME
45.011,1346932.160,1844214.560,0.287,0.030,1744849583.236,22,SDO_READ,98.9,,PDO_FEEDBACK
45.089,1346932.160,1844214.560,0.329,-0.040,1744849583.621,22,SDO_READ,98.9,,GPS_FRAME
45.101,1346932.320,1844214.093,0.329,-0.040,1744849583.633,22,SDO_READ,98.9,,RELATIVE_FRAME
45.494,1346932.320,1844214.093,0.277,0.029,1744849584.025,22,SDO_READ,98.9,,GPS_FRAME
45.505,1346932.480,1844214.240,0.277,0.029,1744849584.036,22,SDO_READ,98.9,,RELATIVE_FRAME
45.511,1346932.480,1844214.240,0.277,0.029,1744849584.036,22,SDO_READ,98.9,,PDO_FEEDBACK
45.761,1346932.480,1844214.240,0.277,0.029,1744849584.036,22,SDO_READ,98.9,,PDO_FEEDBACK
45.891,1346932.480,1844214.240,0.247,0.010,1744849584.422,22,SDO_READ,98.9,,GPS_FRAME
45.901,1346932.480,1844214.080,0.247,0.010,1744849584.433,22,SDO_READ,98.9,,RELATIVE_FRAME
46.260,1346932.480,1844214.080,0.247,0.010,1744849584.433,22,SDO_READ,98.9,,PDO_FEEDBACK
46.289,1346932.480,1844214.080,0.096,0.098,1744849584.820,22,SDO_READ,98.9,,GPS_FRAME
46.300,1346932.480,1844214.093,0.096,0.098,1744849584.832,22,SDO_READ,98.9,,RELATIVE_FRAME
46.693,1346932.480,1844214.093,0.090,0.133,1744849585.225,22,SDO_READ,98.9,,GPS_FRAME
46.705,1346932.480,1844214.080,0.090,0.133,1744849585.237,22,SDO_READ,98.9,,RELATIVE_FRAME
47.090,1346932.480,1844214.080,0.120,0.091,1744849585.621,22,SDO_READ,98.9,,GPS_FRAME
47.105,1346932.480,1844213.920,0.120,0.091,1744849585.636,22,SDO_READ,98.9,,RELATIVE_FRAME
47.495,1346932.480,1844213.920,0.185,0.065,1744849586.027,22,SDO_READ,98.9,,GPS_FRAME
47.512,1346932.800,1844213.760,0.185,0.065,1744849586.043,22,SDO_READ,98.9,,RELATIVE_FRAME
47.895,1346932.800,1844213.760,0.124,0.028,1744849586.427,22,SDO_READ,98.9,,GPS_FRAME
47.906,1346932.813,1844213.760,0.124,0.028,1744849586.438,22,SDO_READ,98.9,,RELATIVE_FRAME
48.290,1346932.813,1844213.760,0.109,0.026,1744849586.822,22,SDO_READ,98.9,,GPS_FRAME
48.302,1346932.973,1844213.613,0.109,0.026,1744849586.833,22,SDO_READ,98.9,,RELATIVE_FRAME
48.510,1346932.973,1844213.613,0.109,0.026,1744849586.833,22,SDO_READ,98.9,,PDO_FEEDBACK
48.695,1346932.973,1844213.613,0.154,-0.005,1744849587.226,22,SDO_READ,98.9,,GPS_FRAME
48.705,1346933.120,1844213.440,0.154,-0.005,1744849587.236,22,SDO_READ,98.9,,RELATIVE_FRAME
48.760,1346933.120,1844213.440,0.154,-0.005,1744849587.236,22,SDO_READ,98.9,,PDO_FEEDBACK
49.010,1346933.120,1844213.440,0.154,-0.005,1744849587.236,22,SDO_READ,98.9,,PDO_FEEDBACK
49.089,1346933.120,1844213.440,0.054,-0.010,1744849587.621,22,SDO_READ,98.9,,GPS_FRAME
49.097,1346933.120,1844213.280,0.054,-0.010,1744849587.629,22,SDO_READ,98.9,,RELATIVE_FRAME
49.261,1346933.120,1844213.280,0.054,-0.010,1744849587.629,22,SDO_READ,98.9,,PDO_FEEDBACK
49.495,1346933.120,1844213.280,0.079,-0.025,1744849588.026,22,SDO_READ,98.9,,GPS_FRAME
49.510,1346933.280,1844213.120,0.079,-0.025,1744849588.041,22,SDO_READ,98.9,,RELATIVE_FRAME
49.515,1346933.280,1844213.120,0.079,-0.025,1744849588.041,22,SDO_READ,98.9,,PDO_FEEDBACK
49.761,1346933.280,1844213.120,0.079,-0.025,1744849588.041,22,SDO_READ,98.9,,PDO_FEEDBACK
49.892,1346933.280,1844213.120,0.064,-0.078,1744849588.424,22,SDO_READ,98.9,,GPS_FRAME
49.903,1346933.280,1844212.973,0.064,-0.078,1744849588.434,22,SDO_READ,98.9,,RELATIVE_FRAME
50.010,1346933.280,1844212.973,0.064,-0.078,1744849588.434,22,SDO_READ,98.9,,PDO_FEEDBACK
50.290,1346933.280,1844212.973,0.087,-0.055,1744849588.822,22,SDO_READ,98.9,,GPS_FRAME
50.300,1346933.453,1844212.800,0.087,-0.055,1744849588.832,22,SDO_READ,98.9,,RELATIVE_FRAME
50.695,1346933.453,1844212.800,0.115,-0.017,1744849589.227,22,SDO_READ,98.9,,GPS_FRAME
50.710,1346933.453,1844212.640,0.115,-0.017,1744849589.241,22,SDO_READ,98.9,,RELATIVE_FRAME
50.760,1346933.453,1844212.640,0.115,-0.017,1744849589.241,22,SDO_READ,98.9,,PDO_FEEDBACK
51.090,1346933.453,1844212.640,0.054,-0.010,1744849589.621,22,SDO_READ,98.9,,GPS_FRAME
51.098,1346933.453,1844212.640,0.054,-0.010,1744849589.629,22,SDO_READ,98.9,,RELATIVE_FRAME
51.260,1346933.453,1844212.640,0.054,-0.010,1744849589.629,22,SDO_READ,98.9,,PDO_FEEDBACK
51.494,1346933.453,1844212.640,0.123,-0.030,1744849590.025,22,SDO_READ,98.9,,GPS_FRAME
51.504,1346933.760,1844212.320,0.123,-0.030,1744849590.035,22,SDO_READ,98.9,,RELATIVE_FRAME
51.510,1346933.760,1844212.320,0.123,-0.030,1744849590.035,22,SDO_READ,98.9,,PDO_FEEDBACK
51.760,1346933.760,1844212.320,0.123,-0.030,1744849590.035,22,SDO_READ,98.9,,PDO_FEEDBACK
51.897,1346933.760,1844212.320,0.135,-0.043,1744849590.428,22,SDO_READ,98.9,,GPS_FRAME
51.913,1346933.760,1844212.160,0.135,-0.043,1744849590.444,22,SDO_READ,98.9,,RELATIVE_FRAME
52.260,1346933.760,1844212.160,0.135,-0.043,1744849590.444,22,SDO_READ,98.9,,PDO_FEEDBACK
52.289,1346933.760,1844212.160,0.159,-0.075,1744849590.821,22,SDO_READ,98.9,,GPS_FRAME
52.300,1346934.080,1844212.000,0.159,-0.075,1744849590.832,22,SDO_READ,98.9,,RELATIVE_FRAME
52.693,1346934.080,1844212.000,0.143,-0.107,1744849591.224,22,SDO_READ,98.9,,GPS_FRAME
52.703,1346934.093,1844211.693,0.143,-0.107,1744849591.235,22,SDO_READ,98.9,,RELATIVE_FRAME
53.093,1346934.093,1844211.693,0.196,-0.164,1744849591.624,22,SDO_READ,98.9,,GPS_FRAME
53.110,1346934.400,1844211.680,0.196,-0.164,1744849591.641,22,SDO_READ,98.9,,RELATIVE_FRAME
53.493,1346934.400,1844211.680,0.111,-0.143,1744849592.024,22,SDO_READ,98.9,,GPS_FRAME
53.512,1346934.400,1844211.680,0.111,-0.143,1744849592.024,22,SDO_READ,98.9,,PDO_FEEDBACK
53.514,1346934.240,1844211.360,0.111,-0.143,1744849592.045,22,SDO_READ,98.9,,RELATIVE_FRAME
53.891,1346934.240,1844211.360,0.240,-0.129,1744849592.423,22,SDO_READ,98.9,,GPS_FRAME
53.901,1346934.560,1844211.200,0.240,-0.129,1744849592.433,22,SDO_READ,98.9,,RELATIVE_FRAME
54.009,1346934.560,1844211.200,0.240,-0.129,1744849592.433,22,SDO_READ,98.9,,PDO_FEEDBACK
54.289,1346934.560,1844211.200,0.352,-0.096,1744849592.821,22,SDO_READ,98.9,,GPS_FRAME
54.300,1346934.720,1844210.880,0.352,-0.096,1744849592.832,22,SDO_READ,98.9,,RELATIVE_FRAME
54.693,1346934.720,1844210.880,0.433,-0.085,1744849593.225,22,SDO_READ,98.9,,GPS_FRAME
54.705,1346935.200,1844210.733,0.433,-0.085,1744849593.237,22,SDO_READ,98.9,,RELATIVE_FRAME
55.009,1346935.200,1844210.733,0.433,-0.085,1744849593.237,22,SDO_READ,98.9,,PDO_FEEDBACK
55.090,1346935.200,1844210.733,0.413,0.010,1744849593.622,22,SDO_READ,98.9,,GPS_FRAME
55.099,1346935.213,1844210.560,0.413,0.010,1744849593.631,22,SDO_READ,98.9,,RELATIVE_FRAME
55.259,1346935.213,1844210.560,0.413,0.010,1744849593.631,22,SDO_READ,98.9,,PDO_FEEDBACK
55.494,1346935.213,1844210.560,0.300,-0.011,1744849594.025,22,SDO_READ,98.9,,GPS_FRAME
55.506,1346935.520,1844210.573,0.300,-0.011,1744849594.037,22,SDO_READ,98.9,,RELATIVE_FRAME
55.509,1346935.520,1844210.573,0.300,-0.011,1744849594.037,22,SDO_READ,98.9,,PDO_FEEDBACK
55.888,1346935.520,1844210.573,0.351,-0.024,1744849594.420,22,SDO_READ,98.9,,GPS_FRAME
55.899,1346935.680,1844210.240,0.351,-0.024,1744849594.430,22,SDO_READ,98.9,,RELATIVE_FRAME
56.009,1346935.680,1844210.240,0.351,-0.024,1744849594.430,22,SDO_READ,98.9,,PDO_FEEDBACK
56.260,1346935.680,1844210.240,0.351,-0.024,1744849594.430,22,SDO_READ,98.9,,PDO_FEEDBACK
56.288,1346935.680,1844210.240,0.387,-0.059,1744849594.820,22,SDO_READ,98.9,,GPS_FRAME
56.296,1346936.000,1844209.933,0.387,-0.059,1744849594.827,22,SDO_READ,98.9,,RELATIVE_FRAME
56.694,1346936.000,1844209.933,0.335,-0.027,1744849595.226,22,SDO_READ,98.9,,GPS_FRAME
56.704,1346936.160,1844210.093,0.335,-0.027,1744849595.235,22,SDO_READ,98.9,,RELATIVE_FRAME
57.009,1346936.160,1844210.093,0.335,-0.027,1744849595.235,22,SDO_READ,98.9,,PDO_FEEDBACK
57.090,1346936.160,1844210.093,0.266,-0.045,1744849595.621,22,SDO_READ,98.9,,GPS_FRAME
57.097,1346936.320,1844209.933,0.266,-0.045,1744849595.628,22,SDO_READ,98.9,,RELATIVE_FRAME
57.492,1346936.320,1844209.933,0.268,-0.064,1744849596.024,22,SDO_READ,98.9,,GPS_FRAME
57.505,1346936.333,1844209.760,0.268,-0.064,1744849596.036,22,SDO_READ,98.9,,RELATIVE_FRAME
57.510,1346936.333,1844209.760,0.268,-0.064,1744849596.036,22,SDO_READ,98.9,,PDO_FEEDBACK
57.759,1346936.333,1844209.760,0.268,-0.064,1744849596.036,22,SDO_READ,98.9,,PDO_FEEDBACK
57.890,1346936.333,1844209.760,0.323,-0.043,1744849596.422,22,SDO_READ,98.9,,GPS_FRAME
57.904,1346936.800,1844209.760,0.323,-0.043,1744849596.435,22,SDO_READ,98.9,,RELATIVE_FRAME
58.291,1346936.800,1844209.760,0.277,-0.018,1744849596.822,22,SDO_READ,98.9,,GPS_FRAME
58.301,1346936.800,1844209.453,0.277,-0.018,1744849596.833,22,SDO_READ,98.9,,RELATIVE_FRAME
58.697,1346936.800,1844209.453,0.257,-0.038,1744849597.228,22,SDO_READ,98.9,,GPS_FRAME
58.707,1346936.800,1844209.453,0.257,-0.038,1744849597.239,22,SDO_READ,98.9,,RELATIVE_FRAME
59.009,1346936.800,1844209.453,0.257,-0.038,1744849597.239,22,SDO_READ,98.9,,PDO_FEEDBACK
59.089,1346936.800,1844209.453,0.233,-0.026,1744849597.621,22,SDO_READ,98.9,,GPS_FRAME
59.098,1346936.800,1844209.453,0.233,-0.026,1744849597.629,22,SDO_READ,98.9,,RELATIVE_FRAME
59.493,1346936.800,1844209.453,0.157,-0.037,1744849598.025,22,SDO_READ,98.9,,GPS_FRAME
59.505,1346936.480,1844209.760,0.157,-0.037,1744849598.036,22,SDO_READ,98.9,,RELATIVE_FRAME
59.759,1346936.480,1844209.760,0.157,-0.037,1744849598.036,22,SDO_READ,98.9,,PDO_FEEDBACK
59.891,1346936.480,1844209.760,0.116,-0.051,1744849598.423,22,SDO_READ,98.9,,GPS_FRAME
59.908,1346936.480,1844209.760,0.116,-0.051,1744849598.440,22,SDO_READ,98.9,,RELATIVE_FRAME
60.260,1346936.480,1844209.760,0.116,-0.051,1744849598.440,22,SDO_READ,98.9,,PDO_FEEDBACK
60.290,1346936.480,1844209.760,0.059,-0.039,1744849598.822,22,SDO_READ,98.9,,GPS_FRAME
60.300,1346936.333,1844209.760,0.059,-0.039,1744849598.831,22,SDO_READ,98.9,,RELATIVE_FRAME
60.508,1346936.333,1844209.760,0.059,-0.039,1744849598.831,22,SDO_READ,98.9,,PDO_FEEDBACK
60.696,1346936.333,1844209.760,0.085,-0.088,1744849599.227,22,SDO_READ,98.9,,GPS_FRAME
60.709,1346936.333,1844209.613,0.085,-0.088,1744849599.240,22,SDO_READ,98.9,,RELATIVE_FRAME
60.759,1346936.333,1844209.613,0.085,-0.088,1744849599.240,22,SDO_READ,98.9,,PDO_FEEDBACK
61.008,1346936.333,1844209.613,0.085,-0.088,1744849599.240,22,SDO_READ,98.9,,PDO_FEEDBACK
61.090,1346936.333,1844209.613,0.075,-0.065,1744849599.621,22,SDO_READ,98.9,,GPS_FRAME
61.098,1346936.320,1844209.613,0.075,-0.065,1744849599.630,22,SDO_READ,98.9,,RELATIVE_FRAME
61.494,1346936.320,1844209.613,0.092,-0.048,1744849600.026,22,SDO_READ,98.9,,GPS_FRAME
61.504,1346936.320,1844209.613,0.092,-0.048,1744849600.036,22,SDO_READ,98.9,,RELATIVE_FRAME
61.508,1346936.320,1844209.613,0.092,-0.048,1744849600.036,22,SDO_READ,98.9,,PDO_FEEDBACK
61.759,1346936.320,1844209.613,0.092,-0.048,1744849600.036,22,SDO_READ,98.9,,PDO_FEEDBACK
61.892,1346936.320,1844209.613,0.144,-0.040,1744849600.423,22,SDO_READ,98.9,,GPS_FRAME
61.901,1346936.333,1844209.760,0.144,-0.040,1744849600.432,22,SDO_READ,98.9,,RELATIVE_FRAME
62.011,1346936.333,1844209.760,0.144,-0.040,1744849600.432,22,SDO_READ,98.9,,PDO_FEEDBACK
62.290,1346936.333,1844209.760,0.234,-0.123,1744849600.822,22,SDO_READ,98.9,,GPS_FRAME
62.300,1346936.480,1844209.440,0.234,-0.123,1744849600.831,22,SDO_READ,98.9,,RELATIVE_FRAME
62.508,1346936.480,1844209.440,0.234,-0.123,1744849600.831,22,SDO_READ,98.9,,PDO_FEEDBACK
62.695,1346936.480,1844209.440,0.167,-0.107,1744849601.226,22,SDO_READ,98.9,,GPS_FRAME
62.702,1346936.480,1844209.613,0.167,-0.107,1744849601.234,22,SDO_READ,98.9,,RELATIVE_FRAME
63.089,1346936.480,1844209.613,0.152,-0.090,1744849601.620,22,SDO_READ,98.9,,GPS_FRAME
63.098,1346936.480,1844209.453,0.152,-0.090,1744849601.630,22,SDO_READ,98.9,,RELATIVE_FRAME
63.258,1346936.480,1844209.453,0.152,-0.090,1744849601.630,22,SDO_READ,98.9,,PDO_FEEDBACK
63.494,1346936.480,1844209.453,0.098,-0.022,1744849602.025,22,SDO_READ,98.9,,GPS_FRAME
63.505,1346936.480,1844209.613,0.098,-0.022,1744849602.036,22,SDO_READ,98.9,,RELATIVE_FRAME
63.891,1346936.480,1844209.613,0.093,-0.022,1744849602.422,22,SDO_READ,98.9,,GPS_FRAME
63.903,1346936.480,1844209.760,0.093,-0.022,1744849602.435,22,SDO_READ,98.9,,RELATIVE_FRAME
64.008,1346936.480,1844209.760,0.093,-0.022,1744849602.435,22,SDO_READ,98.9,,PDO_FEEDBACK
64.290,1346936.480,1844209.760,0.176,-0.066,1744849602.822,22,SDO_READ,98.9,,GPS_FRAME
64.301,1346936.480,1844209.613,0.176,-0.066,1744849602.832,22,SDO_READ,98.9,,RELATIVE_FRAME
64.696,1346936.480,1844209.613,0.213,-0.030,1744849603.227,22,SDO_READ,98.9,,GPS_FRAME
64.706,1346936.640,1844209.760,0.213,-0.030,1744849603.238,22,SDO_READ,98.9,,RELATIVE_FRAME
64.758,1346936.640,1844209.760,0.213,-0.030,1744849603.238,22,SDO_READ,98.9,,PDO_FEEDBACK
65.008,1346936.640,1844209.760,0.213,-0.030,1744849603.238,22,SDO_READ,98.9,,PDO_FEEDBACK
65.090,1346936.640,1844209.760,0.192,0.012,1744849603.621,22,SDO_READ,98.9,,GPS_FRAME
65.104,1346936.640,1844209.613,0.192,0.012,1744849603.636,22,SDO_READ,98.9,,RELATIVE_FRAME
65.493,1346936.640,1844209.613,0.162,0.037,1744849604.025,22,SDO_READ,98.9,,GPS_FRAME
65.512,1346936.640,1844209.920,0.162,0.037,1744849604.044,22,SDO_READ,98.9,,RELATIVE_FRAME
65.519,1346936.640,1844209.920,0.162,0.037,1744849604.044,22,SDO_READ,98.9,,PDO_FEEDBACK
65.890,1346936.640,1844209.920,0.136,0.033,1744849604.421,22,SDO_READ,98.9,,GPS_FRAME
65.902,1346936.640,1844209.760,0.136,0.033,1744849604.434,22,SDO_READ,98.9,,RELATIVE_FRAME
66.008,1346936.640,1844209.760,0.136,0.033,1744849604.434,22,SDO_READ,98.9,,PDO_FEEDBACK
66.257,1346936.640,1844209.760,0.136,0.033,1744849604.434,22,SDO_READ,98.9,,PDO_FEEDBACK
66.290,1346936.640,1844209.760,0.148,0.021,1744849604.821,22,SDO_READ,98.9,,GPS_FRAME
66.300,1346936.800,1844209.920,0.148,0.021,1744849604.831,22,SDO_READ,98.9,,RELATIVE_FRAME
66.508,1346936.800,1844209.920,0.148,0.021,1744849604.831,22,SDO_READ,98.9,,PDO_FEEDBACK
66.694,1346936.800,1844209.920,0.162,-0.012,1744849605.226,22,SDO_READ,98.9,,GPS_FRAME
66.706,1346936.800,1844209.760,0.162,-0.012,1744849605.237,22,SDO_READ,98.9,,RELATIVE_FRAME
66.759,1346936.800,1844209.760,0.162,-0.012,1744849605.237,22,SDO_READ,98.9,,PDO_FEEDBACK
67.007,1346936.800,1844209.760,0.162,-0.012,1744849605.237,22,SDO_READ,98.9,,PDO_FEEDBACK
67.090,1346936.800,1844209.760,0.184,-0.058,1744849605.621,22,SDO_READ,98.9,,GPS_FRAME
67.103,1346936.813,1844209.613,0.184,-0.058,1744849605.634,22,SDO_READ,98.9,,RELATIVE_FRAME
67.494,1346936.813,1844209.613,0.159,0.005,1744849606.025,22,SDO_READ,98.9,,GPS_FRAME
67.504,1346936.813,1844209.613,0.159,0.005,1744849606.035,22,SDO_READ,98.9,,RELATIVE_FRAME
67.757,1346936.813,1844209.613,0.159,0.005,1744849606.035,22,SDO_READ,98.9,,PDO_FEEDBACK
67.889,1346936.813,1844209.613,0.160,-0.017,1744849606.420,22,SDO_READ,98.9,,GPS_FRAME
67.901,1346936.973,1844209.920,0.160,-0.017,1744849606.432,22,SDO_READ,98.9,,RELATIVE_FRAME
68.289,1346936.973,1844209.920,0.094,0.022,1744849606.820,22,SDO_READ,98.9,,GPS_FRAME
68.299,1346936.973,1844209.760,0.094,0.022,1744849606.831,22,SDO_READ,98.9,,RELATIVE_FRAME
68.694,1346936.973,1844209.760,0.128,0.058,1744849607.226,22,SDO_READ,98.9,,GPS_FRAME
68.706,1346936.973,1844209.933,0.128,0.058,1744849607.237,22,SDO_READ,98.9,,RELATIVE_FRAME
69.090,1346936.973,1844209.933,0.067,0.073,1744849607.621,22,SDO_READ,98.9,,GPS_FRAME
69.100,1346936.813,1844209.920,0.067,0.073,1744849607.632,22,SDO_READ,98.9,,RELATIVE_FRAME
69.258,1346936.813,1844209.920,0.067,0.073,1744849607.632,22,SDO_READ,98.9,,PDO_FEEDBACK
69.493,1346936.813,1844209.920,0.107,0.021,1744849608.024,22,SDO_READ,98.9,,GPS_FRAME
69.507,1346936.973,1844209.920,0.107,0.021,1744849608.039,22,SDO_READ,98.9,,RELATIVE_FRAME
69.513,1346936.973,1844209.920,0.107,0.021,1744849608.039,22,SDO_READ,98.9,,PDO_FEEDBACK
69.890,1346936.973,1844209.920,0.005,0.055,1744849608.421,22,SDO_READ,98.9,,GPS_FRAME
69.902,1346936.973,1844209.933,0.005,0.055,1744849608.433,22,SDO_READ,98.9,,RELATIVE_FRAME
70.288,1346936.973,1844209.933,0.060,0.069,1744849608.820,22,SDO_READ,98.9,,GPS_FRAME
70.301,1346936.973,1844209.933,0.060,0.069,1744849608.833,22,SDO_READ,98.9,,RELATIVE_FRAME
70.695,1346936.973,1844209.933,0.055,0.117,1744849609.226,22,SDO_READ,98.9,,GPS_FRAME
70.705,1346937.120,1844210.240,0.055,0.117,1744849609.236,22,SDO_READ,98.9,,RELATIVE_FRAME
70.757,1346937.120,1844210.240,0.055,0.117,1744849609.236,22,SDO_READ,98.9,,PDO_FEEDBACK
71.090,1346937.120,1844210.240,0.065,0.072,1744849609.622,22,SDO_READ,98.9,,GPS_FRAME
71.100,1346937.280,1844210.093,0.065,0.072,1744849609.631,22,SDO_READ,98.9,,RELATIVE_FRAME
71.493,1346937.280,1844210.093,-0.047,0.101,1744849610.025,22,SDO_READ,98.9,,GPS_FRAME
71.503,1346936.973,1844210.093,-0.047,0.101,1744849610.034,22,SDO_READ,98.9,,RELATIVE_FRAME
71.890,1346936.973,1844210.093,-0.027,0.027,1744849610.421,22,SDO_READ,98.9,,GPS_FRAME
71.903,1346936.973,1844210.400,-0.027,0.027,1744849610.434,22,SDO_READ,98.9,,RELATIVE_FRAME
72.257,1346936.973,1844210.400,-0.027,0.027,1744849610.434,22,SDO_READ,98.9,,PDO_FEEDBACK
72.297,1346936.973,1844210.400,-0.105,0.048,1744849610.829,22,SDO_READ,98.9,,GPS_FRAME
72.305,1346936.813,1844210.400,-0.105,0.048,1744849610.837,22,SDO_READ,98.9,,RELATIVE_FRAME
72.506,1346936.813,1844210.400,-0.105,0.048,1744849610.837,22,SDO_READ,98.9,,PDO_FEEDBACK
72.694,1346936.813,1844210.400,-0.064,0.072,1744849611.226,22,SDO_READ,98.9,,GPS_FRAME
72.703,1346936.973,1844210.400,-0.064,0.072,1744849611.235,22,SDO_READ,98.9,,RELATIVE_FRAME
73.006,1346936.973,1844210.400,-0.064,0.072,1744849611.235,22,SDO_READ,98.9,,PDO_FEEDBACK
73.090,1346936.973,1844210.400,0.152,0.052,1744849611.622,22,SDO_READ,98.9,,GPS_FRAME
73.098,1346937.280,1844210.240,0.152,0.052,1744849611.629,22,SDO_READ,98.9,,RELATIVE_FRAME
73.495,1346937.280,1844210.240,0.172,0.089,1744849612.026,22,SDO_READ,98.9,,GPS_FRAME
73.508,1346937.453,1844210.560,0.172,0.089,1744849612.040,22,SDO_READ,98.9,,RELATIVE_FRAME
73.756,1346937.453,1844210.560,0.172,0.089,1744849612.040,22,SDO_READ,98.9,,PDO_FEEDBACK
73.890,1346937.453,1844210.560,0.148,0.166,1744849612.421,22,SDO_READ,98.9,,GPS_FRAME
73.903,1346937.453,1844210.573,0.148,0.166,1744849612.435,22,SDO_READ,98.9,,RELATIVE_FRAME
