time_sec,command,y,vx,vy,pdo_position_mm_22,pdo_speed_mms_22,pdo_position_mm_24,pdo_speed_mms_24,pdo_position_mm_26,pdo_speed_mms_26
0.038,SDO_COMMAND,0.000,0.000,0.000,,,,,,
0.240,SDO_COMMAND,0.000,0.000,0.000,,,,,,
0.442,SDO_COMMAND,0.000,0.000,0.000,,,,,,
0.644,NMT_START_22,0.000,0.000,0.000,,,,,,
0.746,NMT_START_24,0.000,0.000,0.000,,,,,,
0.848,NMT_START_26,0.000,0.000,0.000,,,,,,
0.951,CLEAR_ERROR,0.000,0.000,0.000,,,,,,
1.153,CLEAR_ERROR,0.000,0.000,0.000,,,,,,
1.355,CLEAR_ERROR,0.000,0.000,0.000,,,,,,
1.616,PDO_FEEDBACK_26,0.0,0.0,0.0,,,,,0.0,0.0
1.650,PDO_FEEDBACK_22,0.0,0.0,0.0,0.0,0.0,,,0.0,0.0
1.680,OPEN_22,0.000,-0.008,-0.004,0.0,0.0,,,0.0,0.0
1.715,PDO_FEEDBACK_24,0.0,-0.008,-0.004,0.0,0.0,0.0,0.0,0.0,0.0
1.756,PDO_FEEDBACK_26,0.0,-0.008,-0.004,0.0,0.0,0.0,0.0,0.0,0.0
1.783,PDO_FEEDBACK_22,0.0,-0.008,-0.004,0.0,0.0,0.0,0.0,0.0,0.0
1.814,PDO_FEEDBACK_24,0.0,-0.008,-0.004,0.0,0.0,0.0,0.0,0.0,0.0
1.863,PDO_FEEDBACK_26,0.0,-0.008,-0.004,0.0,0.0,0.0,0.0,0.0,0.0
1.895,OPEN_26,0.000,-0.008,-0.004,0.0,0.0,0.0,0.0,0.0,0.0
1.910,PDO_FEEDBACK_22,0.0,-0.008,-0.004,0.0,0.0,0.0,0.0,0.0,0.0
1.940,PDO_FEEDBACK_24,0.0,-0.008,-0.004,0.0,0.0,0.0,0.0,0.0,0.0
2.012,PDO_FEEDBACK_26,0.0,-0.008,-0.004,0.0,0.0,0.0,0.0,0.0,0.0
2.066,PDO_FEEDBACK_22,0.0,-0.008,-0.004,0.0,0.0,0.0,0.0,0.0,0.0
2.123,PDO_FEEDBACK_22,0.0,-0.002,0.007,0.0,0.0,0.0,0.0,0.0,0.0
2.163,PDO_FEEDBACK_24,-0.000999999999999994,-0.002,0.007,0.0,0.0,0.0,0.0,0.0,0.0
2.203,PDO_FEEDBACK_26,-0.000999999999999994,-0.002,0.007,0.0,0.0,0.0,0.0,0.0,0.0
2.242,PDO_FEEDBACK_22,-0.000999999999999994,-0.002,0.007,0.0,0.0,0.0,0.0,0.0,0.0
2.262,PDO_FEEDBACK_24,-0.000999999999999994,-0.002,0.007,0.0,0.0,0.0,0.0,0.0,0.0
2.351,PDO_FEEDBACK_26,-0.000999999999999994,-0.002,0.007,0.0,0.0,0.0,0.0,0.0,0.0
2.381,PDO_FEEDBACK_22,-0.000999999999999994,-0.002,0.007,1.3,11.0,0.0,0.0,0.0,0.0
2.450,PDO_FEEDBACK_24,-0.000999999999999994,-0.002,0.007,1.3,11.0,0.0,0.0,0.0,0.0
2.566,PDO_FEEDBACK_26,-0.0011999999999999927,0.017,-0.012,1.3,11.0,0.0,0.0,1.0,7.9
2.619,PDO_FEEDBACK_22,-0.0011999999999999927,0.017,-0.012,5.6,17.9,0.0,0.0,1.0,7.9
2.669,PDO_FEEDBACK_24,-0.0011999999999999927,0.017,-0.012,5.6,17.9,0.0,0.0,1.0,7.9
2.748,PDO_FEEDBACK_26,-0.0011999999999999927,0.017,-0.012,5.6,17.9,0.0,0.0,5.3,18.3
2.793,PDO_FEEDBACK_22,-0.0011999999999999927,0.017,-0.012,10.7,19.8,0.0,0.0,5.3,18.3
2.847,PDO_FEEDBACK_24,-0.0011999999999999927,0.017,-0.012,10.7,19.8,0.0,0.0,5.3,18.3
2.928,PDO_FEEDBACK_26,-0.0011999999999999927,0.019,-0.006,10.7,19.8,0.0,0.0,10.1,18.7
2.960,PDO_FEEDBACK_22,-0.0011999999999999927,0.019,-0.006,15.2,18.5,0.0,0.0,10.1,18.7
3.006,PDO_FEEDBACK_24,-0.0011999999999999927,0.019,-0.006,15.2,18.5,0.0,0.0,10.1,18.7
3.078,PDO_FEEDBACK_26,-0.0011999999999999927,0.019,-0.006,15.2,18.5,0.0,0.0,15.0,18.4
3.120,PDO_FEEDBACK_22,-0.0011999999999999927,0.019,-0.006,20.0,17.6,0.0,0.0,15.0,18.4
3.215,PDO_FEEDBACK_24,-0.0011999999999999927,0.019,-0.006,20.0,17.6,0.0,0.0,15.0,18.4
3.325,PDO_FEEDBACK_26,-0.0016999999999999932,-0.004,-0.012,20.0,17.6,0.0,0.0,19.5,17.2
3.371,PDO_FEEDBACK_22,-0.0016999999999999932,-0.004,-0.012,24.4,17.9,0.0,0.0,19.5,17.2
3.457,PDO_FEEDBACK_24,-0.0016999999999999932,-0.004,-0.012,24.4,17.9,0.0,0.0,19.5,17.2
3.584,PDO_FEEDBACK_26,-0.0016999999999999932,-0.004,-0.012,24.4,17.9,0.0,0.0,24.1,16.6
3.620,PDO_FEEDBACK_22,-0.0016999999999999932,-0.004,-0.012,28.7,17.3,0.0,0.0,24.1,16.6
3.726,PDO_FEEDBACK_24,-0.0003999999999999976,0.007,0.002,28.7,17.3,0.0,0.0,24.1,16.6
3.814,PDO_FEEDBACK_26,-0.0003999999999999976,0.007,0.002,28.7,17.3,0.0,0.0,28.4,17.3
3.870,PDO_FEEDBACK_22,-0.0003999999999999976,0.007,0.002,33.0,17.3,0.0,0.0,28.4,17.3
3.957,PDO_FEEDBACK_24,-0.0003999999999999976,0.007,0.002,33.0,17.3,0.0,0.0,28.4,17.3
4.066,PDO_FEEDBACK_26,-0.0003999999999999976,0.007,0.002,33.0,17.3,0.0,0.0,32.7,17.1
4.128,PDO_FEEDBACK_22,0.001800000000000003,0.004,0.022,37.3,17.0,0.0,0.0,32.7,17.1
4.221,PDO_FEEDBACK_24,0.001800000000000003,0.004,0.022,37.3,17.0,0.0,0.0,32.7,17.1
4.318,PDO_FEEDBACK_26,0.001800000000000003,0.004,0.022,37.3,17.0,0.0,0.0,36.8,17.5
4.372,PDO_FEEDBACK_22,0.001800000000000003,0.004,0.022,41.6,16.9,0.0,0.0,36.8,17.5
4.457,PDO_FEEDBACK_24,0.001800000000000003,0.004,0.022,41.6,16.9,0.0,0.0,36.8,17.5
4.571,PDO_FEEDBACK_26,0.0005000000000000004,-0.012,0.009000000000000001,41.6,16.9,0.0,0.0,41.1,16.9
4.623,PDO_FEEDBACK_22,0.0005000000000000004,-0.012,0.009000000000000001,45.7,16.6,0.0,0.0,41.1,16.9
4.707,PDO_FEEDBACK_24,0.0005000000000000004,-0.012,0.009000000000000001,45.7,16.6,0.0,0.0,41.1,16.9
4.814,PDO_FEEDBACK_26,0.0005000000000000004,-0.012,0.009000000000000001,45.7,16.6,0.0,0.0,45.4,16.9
4.869,PDO_FEEDBACK_22,0.0005000000000000004,-0.012,0.009000000000000001,50.0,16.7,0.0,0.0,45.4,16.9
4.957,PDO_FEEDBACK_24,0.0007000000000000062,0.004,0.006,50.0,16.7,0.0,0.0,45.4,16.9
5.065,PDO_FEEDBACK_26,0.0007000000000000062,0.004,0.006,50.0,16.7,0.0,0.0,49.7,16.1
5.121,PDO_FEEDBACK_22,0.0007000000000000062,0.004,0.006,54.3,16.7,0.0,0.0,49.7,16.1
5.207,PDO_FEEDBACK_24,0.0007000000000000062,0.004,0.006,54.3,16.7,0.0,0.0,49.7,16.1
5.314,PDO_FEEDBACK_26,0.0014000000000000054,0.015,0.007,54.3,16.7,0.0,0.0,53.8,16.4
5.373,PDO_FEEDBACK_22,0.0014000000000000054,0.015,0.007,58.6,17.6,0.0,0.0,53.8,16.4
5.457,PDO_FEEDBACK_24,0.0014000000000000054,0.015,0.007,58.6,17.6,0.0,0.0,53.8,16.4
5.568,PDO_FEEDBACK_26,0.0014000000000000054,0.015,0.007,58.6,17.6,0.0,0.0,58.1,17.0
5.620,PDO_FEEDBACK_22,0.0014000000000000054,0.015,0.007,62.9,17.6,0.0,0.0,58.1,17.0
5.706,PDO_FEEDBACK_24,0.002599999999999998,-0.002,0.003,62.9,17.6,0.0,0.0,58.1,17.0
5.825,PDO_FEEDBACK_26,0.002599999999999998,-0.002,0.003,62.9,17.6,0.0,0.0,62.4,17.9
5.871,PDO_FEEDBACK_22,0.002599999999999998,-0.002,0.003,67.2,16.6,0.0,0.0,62.4,17.9
5.956,PDO_FEEDBACK_24,0.002599999999999998,-0.002,0.003,67.2,16.6,0.0,0.0,62.4,17.9
6.065,PDO_FEEDBACK_26,0.002599999999999998,-0.002,0.003,67.2,16.6,0.0,0.0,66.7,17.5
6.130,PDO_FEEDBACK_22,0.002700000000000001,-0.011,0.002,71.5,16.5,0.0,0.0,66.7,17.5
6.208,PDO_FEEDBACK_24,0.002700000000000001,-0.011,0.002,71.5,16.5,0.0,0.0,66.7,17.5
6.315,PDO_FEEDBACK_26,0.002700000000000001,-0.011,0.002,71.5,16.5,0.0,0.0,71.0,16.3
6.369,PDO_FEEDBACK_22,0.002700000000000001,-0.011,0.002,75.6,16.5,0.0,0.0,71.0,16.3
6.457,PDO_FEEDBACK_24,0.002700000000000001,-0.011,0.002,75.6,16.5,0.0,0.0,71.0,16.3
6.572,PDO_FEEDBACK_26,0.0029,0.005,0.001,75.6,16.5,0.0,0.0,75.1,16.1
6.625,PDO_FEEDBACK_22,0.0029,0.005,0.001,79.9,17.0,0.0,0.0,75.1,16.1
6.707,PDO_FEEDBACK_24,0.0029,0.005,0.001,79.9,17.0,0.0,0.0,75.1,16.1
6.816,PDO_FEEDBACK_26,0.0029,0.005,0.001,79.9,17.0,0.0,0.0,79.4,16.8
6.869,PDO_FEEDBACK_22,0.0029,0.005,0.001,84.2,17.1,0.0,0.0,79.4,16.8
6.958,PDO_FEEDBACK_24,0.002599999999999998,-0.006,-0.001,84.2,17.1,0.0,0.0,79.4,16.8
7.064,PDO_FEEDBACK_26,0.002599999999999998,-0.006,-0.001,84.2,17.1,0.0,0.0,83.7,17.1
7.123,PDO_FEEDBACK_22,0.002599999999999998,-0.006,-0.001,88.5,17.1,0.0,0.0,83.7,17.1
7.212,PDO_FEEDBACK_24,0.002599999999999998,-0.006,-0.001,88.5,17.1,0.0,0.0,83.7,17.1
7.314,PDO_FEEDBACK_26,0.0029999999999999957,-0.003,-0.007,88.5,17.1,0.0,0.0,88.0,17.3
7.370,PDO_FEEDBACK_22,0.0029999999999999957,-0.003,-0.007,92.9,17.7,0.0,0.0,88.0,17.3
7.456,PDO_FEEDBACK_24,0.0029999999999999957,-0.003,-0.007,92.9,17.7,0.0,0.0,88.0,17.3
7.564,PDO_FEEDBACK_26,0.0029999999999999957,-0.003,-0.007,92.9,17.7,0.0,0.0,92.3,17.4
7.621,PDO_FEEDBACK_22,0.0029999999999999957,-0.003,-0.007,96.9,17.0,0.0,0.0,92.3,17.4
7.713,PDO_FEEDBACK_24,0.003499999999999996,0.011,-0.007,96.9,17.0,0.0,0.0,92.3,17.4
7.816,PDO_FEEDBACK_26,0.003499999999999996,0.011,-0.007,96.9,17.0,0.0,0.0,96.4,16.9
7.872,PDO_FEEDBACK_22,0.003499999999999996,0.011,-0.007,100.0,0.0,0.0,0.0,96.4,16.9
7.962,PDO_FEEDBACK_24,0.003499999999999996,0.011,-0.007,100.0,0.0,0.0,0.0,96.4,16.9
8.065,PDO_FEEDBACK_26,0.003499999999999996,0.011,-0.007,100.0,0.0,0.0,0.0,100.0,0.0
8.119,PDO_FEEDBACK_22,0.0034000000000000002,0.005,-0.006,100.2,0.0,0.0,0.0,100.0,0.0
8.210,PDO_FEEDBACK_24,0.0034000000000000002,0.005,-0.006,100.2,0.0,0.0,0.0,100.0,0.0
8.315,PDO_FEEDBACK_26,0.0034000000000000002,0.005,-0.006,100.2,0.0,0.0,0.0,100.5,0.0
8.372,PDO_FEEDBACK_22,0.0034000000000000002,0.005,-0.006,100.2,0.0,0.0,0.0,100.5,0.0
8.456,PDO_FEEDBACK_24,0.0034000000000000002,0.005,-0.006,100.2,0.0,0.0,0.0,100.5,0.0
8.564,PDO_FEEDBACK_26,-0.0012999999999999956,0.014,-0.005,100.2,0.0,0.0,0.0,100.5,0.0
8.624,PDO_FEEDBACK_22,-0.0012999999999999956,0.014,-0.005,100.2,0.0,0.0,0.0,100.5,0.0
8.706,PDO_FEEDBACK_24,-0.0012999999999999956,0.014,-0.005,100.2,0.0,0.0,0.0,100.5,0.0
8.813,PDO_FEEDBACK_26,-0.0012999999999999956,0.014,-0.005,100.2,0.0,0.0,0.0,100.5,0.0
8.872,PDO_FEEDBACK_22,-0.0012999999999999956,0.014,-0.005,100.2,0.0,0.0,0.0,100.5,0.0
8.969,PDO_FEEDBACK_24,0.0006000000000000033,0.008,-0.002,100.2,0.0,0.0,0.0,100.5,0.0
9.065,PDO_FEEDBACK_26,0.0006000000000000033,0.008,-0.002,100.2,0.0,0.0,0.0,100.5,0.0
9.162,PDO_FEEDBACK_22,0.0006000000000000033,0.008,-0.002,100.2,0.0,0.0,0.0,100.5,0.0
9.208,PDO_FEEDBACK_24,0.0006000000000000033,0.008,-0.002,100.2,0.0,0.0,0.0,100.5,0.0
9.322,PDO_FEEDBACK_26,0.0003000000000000086,0.0,-0.003,100.2,0.0,0.0,0.0,100.5,0.0
9.370,PDO_FEEDBACK_22,0.0003000000000000086,0.0,-0.003,100.2,0.0,0.0,0.0,100.5,0.0
9.462,PDO_FEEDBACK_24,0.0003000000000000086,0.0,-0.003,100.2,0.0,0.0,0.0,100.5,0.0
9.563,PDO_FEEDBACK_26,0.0003000000000000086,0.0,-0.003,100.2,0.0,0.0,0.0,100.5,0.0
9.631,PDO_FEEDBACK_22,0.0003000000000000086,0.0,-0.003,100.2,0.0,0.0,0.0,100.5,0.0
9.739,PDO_FEEDBACK_24,0.0008000000000000021,0.012,0.002,100.2,0.0,0.0,0.0,100.5,0.0
9.812,PDO_FEEDBACK_26,0.0008000000000000021,0.012,0.002,100.2,0.0,0.0,0.0,100.5,0.0
9.871,PDO_FEEDBACK_22,0.0008000000000000021,0.012,0.002,100.2,0.0,0.0,0.0,100.5,0.0
9.956,PDO_FEEDBACK_24,0.0008000000000000021,0.012,0.002,100.2,0.0,0.0,0.0,100.5,0.0
10.063,PDO_FEEDBACK_26,0.0008000000000000021,0.012,0.002,100.2,0.0,0.0,0.0,100.5,0.0
10.160,PDO_FEEDBACK_22,-0.005099999999999993,-0.012,-0.055,100.2,0.0,0.0,0.0,100.5,0.0
10.205,PDO_FEEDBACK_24,-0.005099999999999993,-0.012,-0.055,100.2,0.0,0.0,0.0,100.5,0.0
10.321,PDO_FEEDBACK_26,-0.005099999999999993,-0.012,-0.055,100.2,0.0,0.0,0.0,100.5,0.0
10.369,PDO_FEEDBACK_22,-0.005099999999999993,-0.012,-0.055,100.2,0.0,0.0,0.0,100.5,0.0
10.457,PDO_FEEDBACK_24,-0.005099999999999993,-0.012,-0.055,100.2,0.0,0.0,0.0,100.5,0.0
10.567,PDO_FEEDBACK_26,-0.1498,-0.052000000000000005,-0.503,100.2,0.0,0.0,0.0,100.5,0.0
10.625,PDO_FEEDBACK_22,-0.1498,-0.052000000000000005,-0.503,100.2,0.0,0.0,0.0,100.5,0.0
10.717,PDO_FEEDBACK_24,-0.1498,-0.052000000000000005,-0.503,100.2,0.0,0.0,0.0,100.5,0.0
10.825,PDO_FEEDBACK_26,-0.1498,-0.052000000000000005,-0.503,100.2,0.0,0.0,0.0,100.5,0.0
10.869,PDO_FEEDBACK_22,-0.1498,-0.052000000000000005,-0.503,100.2,0.0,0.0,0.0,100.5,0.0
10.975,PDO_FEEDBACK_24,-0.40340000000000004,-0.027,-0.61,100.2,0.0,0.0,0.0,100.5,0.0
11.064,PDO_FEEDBACK_26,-0.40340000000000004,-0.027,-0.61,100.2,0.0,0.0,0.0,100.5,0.0
11.119,PDO_FEEDBACK_22,-0.40340000000000004,-0.027,-0.61,100.2,0.0,0.0,0.0,100.5,0.0
11.218,PDO_FEEDBACK_24,-0.40340000000000004,-0.027,-0.61,100.2,0.0,0.0,0.0,100.5,0.0
11.313,PDO_FEEDBACK_26,-0.6482,-0.019,-0.629,100.2,0.0,0.0,0.0,100.5,0.0
11.369,PDO_FEEDBACK_22,-0.6482,-0.019,-0.629,100.2,0.0,0.0,0.0,100.5,0.0
11.456,PDO_FEEDBACK_24,-0.6482,-0.019,-0.629,100.2,0.0,0.0,0.0,100.5,0.0
11.562,PDO_FEEDBACK_26,-0.6482,-0.019,-0.629,100.2,0.0,0.0,0.0,100.5,0.0
11.623,PDO_FEEDBACK_22,-0.6482,-0.019,-0.629,100.2,0.0,0.0,0.0,100.5,0.0
11.725,PDO_FEEDBACK_24,-0.8939000000000001,0.001,-0.598,100.2,0.0,0.0,0.0,100.5,0.0
11.831,PDO_FEEDBACK_26,-0.8939000000000001,0.001,-0.598,100.2,0.0,0.0,0.0,100.5,0.0
11.872,PDO_FEEDBACK_22,-0.8939000000000001,0.001,-0.598,100.2,0.0,0.0,0.0,100.5,0.0
11.955,PDO_FEEDBACK_24,-0.8939000000000001,0.001,-0.598,100.2,0.0,0.0,0.0,100.5,0.0
12.065,PDO_FEEDBACK_26,-0.8939000000000001,0.001,-0.598,100.2,0.0,0.0,0.0,100.5,0.0
12.101,CLOSE_24,-1.138,-0.013,-0.652,100.2,0.0,0.0,0.0,100.5,0.0
12.129,PDO_FEEDBACK_22,-1.1376000000000002,-0.013000000000000001,-0.652,100.2,0.0,0.0,0.0,100.5,0.0
12.209,PDO_FEEDBACK_24,-1.1376000000000002,-0.013000000000000001,-0.652,100.2,0.0,0.0,0.0,100.5,0.0
12.314,PDO_FEEDBACK_26,-1.1376000000000002,-0.013000000000000001,-0.652,100.2,0.0,0.0,0.0,100.5,0.0
12.369,PDO_FEEDBACK_22,-1.1376000000000002,-0.013000000000000001,-0.652,100.2,0.0,0.0,0.0,100.5,0.0
12.457,PDO_FEEDBACK_24,-1.1376000000000002,-0.013000000000000001,-0.652,100.2,0.0,0.0,0.0,100.5,0.0
12.562,PDO_FEEDBACK_26,-1.3945,-0.007,-0.653,100.2,0.0,0.0,0.0,100.5,0.0
12.624,PDO_FEEDBACK_22,-1.3945,-0.007,-0.653,100.2,0.0,0.0,0.0,100.5,0.0
12.706,PDO_FEEDBACK_24,-1.3945,-0.007,-0.653,100.2,0.0,0.0,0.0,100.5,0.0
12.812,PDO_FEEDBACK_26,-1.3945,-0.007,-0.653,100.2,0.0,0.0,0.0,100.5,0.0
12.878,PDO_FEEDBACK_22,-1.3945,-0.007,-0.653,100.2,0.0,0.0,0.0,100.5,0.0
12.955,PDO_FEEDBACK_24,-1.6505,-0.012,-0.656,100.2,0.0,0.0,0.0,100.5,0.0
13.102,PDO_FEEDBACK_26,-1.6505,-0.012,-0.656,100.2,0.0,0.0,0.0,100.5,0.0
13.173,PDO_FEEDBACK_22,-1.6505,-0.012,-0.656,100.2,0.0,0.0,0.0,100.5,0.0
13.226,PDO_FEEDBACK_24,-1.6505,-0.012,-0.656,100.2,0.0,0.0,0.0,100.5,0.0
13.313,PDO_FEEDBACK_26,-1.9004,-0.007,-0.619,100.2,0.0,0.0,0.0,100.5,0.0
13.370,PDO_FEEDBACK_22,-1.9004,-0.007,-0.619,100.2,0.0,0.0,0.0,100.5,0.0
13.456,PDO_FEEDBACK_24,-1.9004,-0.007,-0.619,100.2,0.0,0.0,0.0,100.5,0.0
13.561,PDO_FEEDBACK_26,-1.9004,-0.007,-0.619,100.2,0.0,0.0,0.0,100.5,0.0
13.621,PDO_FEEDBACK_22,-1.9004,-0.007,-0.619,100.2,0.0,0.0,0.0,100.5,0.0
13.712,PDO_FEEDBACK_24,-2.1569,-0.027,-0.659,100.2,0.0,0.0,0.0,100.5,0.0
13.811,PDO_FEEDBACK_26,-2.1569,-0.027,-0.659,100.2,0.0,0.0,0.0,100.5,0.0
13.870,PDO_FEEDBACK_22,-2.1569,-0.027,-0.659,100.2,0.0,0.0,0.0,100.5,0.0
13.957,PDO_FEEDBACK_24,-2.1569,-0.027,-0.659,100.2,0.0,0.0,0.0,100.5,0.0
14.110,PDO_FEEDBACK_26,-2.4023,0.012,-0.657,100.2,0.0,0.0,0.0,100.5,0.0
14.150,PDO_FEEDBACK_22,-2.4023,0.012,-0.657,100.2,0.0,0.0,0.0,100.5,0.0
14.214,PDO_FEEDBACK_24,-2.4023,0.012,-0.657,100.2,0.0,0.0,0.0,100.5,0.0
14.319,PDO_FEEDBACK_26,-2.4023,0.012,-0.657,100.2,0.0,0.0,0.0,100.5,0.0
14.372,PDO_FEEDBACK_22,-2.4023,0.012,-0.657,100.2,0.0,0.0,0.0,100.5,0.0
14.462,PDO_FEEDBACK_24,-2.4023,0.012,-0.657,100.2,0.0,0.0,0.0,100.5,0.0
14.562,PDO_FEEDBACK_26,-2.6568,0.002,-0.627,100.2,0.0,0.0,0.0,100.5,0.0
14.628,PDO_FEEDBACK_22,-2.6568,0.002,-0.627,100.2,0.0,0.0,0.0,100.5,0.0
14.707,PDO_FEEDBACK_24,-2.6568,0.002,-0.627,100.2,0.0,0.0,0.0,100.5,0.0
14.812,PDO_FEEDBACK_26,-2.6568,0.002,-0.627,100.2,0.0,0.0,0.0,100.5,0.0
14.868,PDO_FEEDBACK_22,-2.6568,0.002,-0.627,100.2,0.0,0.0,0.0,100.5,0.0
14.955,PDO_FEEDBACK_24,-2.9134,0.032,-0.653,100.2,0.0,0.0,0.0,100.5,0.0
15.061,PDO_FEEDBACK_26,-2.9134,0.032,-0.653,100.2,0.0,0.0,0.0,100.5,0.0
15.118,PDO_FEEDBACK_22,-2.9134,0.032,-0.653,100.2,0.0,0.0,0.0,100.5,0.0
15.205,PDO_FEEDBACK_24,-2.9134,0.032,-0.653,100.2,0.0,0.0,0.0,100.5,0.0
15.328,PDO_FEEDBACK_26,-3.1692,0.017,-0.632,100.2,0.0,0.0,0.0,100.5,0.0
15.370,PDO_FEEDBACK_22,-3.1692,0.017,-0.632,100.2,0.0,0.0,0.0,100.5,0.0
15.457,PDO_FEEDBACK_24,-3.1692,0.017,-0.632,100.2,0.0,0.0,0.0,100.5,0.0
15.564,PDO_FEEDBACK_26,-3.1692,0.017,-0.632,100.2,0.0,0.0,0.0,100.5,0.0
15.619,PDO_FEEDBACK_22,-3.1692,0.017,-0.632,100.2,0.0,0.0,0.0,100.5,0.0
15.733,PDO_FEEDBACK_24,-3.4409,0.015,-0.729,100.2,0.0,0.0,0.0,100.5,0.0
15.816,PDO_FEEDBACK_26,-3.4409,0.015,-0.729,100.2,0.0,0.0,0.0,100.5,0.0
15.869,PDO_FEEDBACK_22,-3.4409,0.015,-0.729,100.2,0.0,0.0,0.0,100.5,0.0
15.955,PDO_FEEDBACK_24,-3.4409,0.015,-0.729,100.2,0.0,0.0,0.0,100.5,0.0
16.061,PDO_FEEDBACK_26,-3.4409,0.015,-0.729,100.2,0.0,0.0,0.0,100.5,0.0
16.121,PDO_FEEDBACK_22,-3.6888,0.042,-0.596,100.2,0.0,0.0,0.0,100.5,0.0
16.205,PDO_FEEDBACK_24,-3.6888,0.042,-0.596,100.2,0.0,0.0,0.0,100.5,0.0
16.315,PDO_FEEDBACK_26,-3.6888,0.042,-0.596,100.2,0.0,0.0,0.0,100.5,0.0
16.369,PDO_FEEDBACK_22,-3.6888,0.042,-0.596,100.2,0.0,0.0,0.0,100.5,0.0
16.456,PDO_FEEDBACK_24,-3.6888,0.042,-0.596,100.2,0.0,0.0,0.0,100.5,0.0
16.589,PDO_FEEDBACK_26,-3.9438,0.016,-0.641,100.2,0.0,0.0,0.0,100.5,0.0
16.619,PDO_FEEDBACK_22,-3.9438,0.016,-0.641,100.2,0.0,0.0,0.0,100.5,0.0
16.711,PDO_FEEDBACK_24,-3.9438,0.016,-0.641,100.2,0.0,0.0,0.0,100.5,0.0
16.810,PDO_FEEDBACK_26,-3.9438,0.016,-0.641,100.2,0.0,0.0,0.0,100.5,0.0
16.868,PDO_FEEDBACK_22,-3.9438,0.016,-0.641,100.2,0.0,0.0,0.0,100.5,0.0
16.957,PDO_FEEDBACK_24,-4.1793,0.023,-0.598,100.2,0.0,0.0,0.0,100.5,0.0
17.061,PDO_FEEDBACK_26,-4.1793,0.023,-0.598,100.2,0.0,0.0,0.0,100.5,0.0
17.120,PDO_FEEDBACK_22,-4.1793,0.023,-0.598,100.2,0.0,0.0,0.0,100.5,0.0
17.206,PDO_FEEDBACK_24,-4.1793,0.023,-0.598,100.2,0.0,0.0,0.0,100.5,0.0
17.311,PDO_FEEDBACK_26,-4.421,0.047,-0.5720000000000001,100.2,0.0,0.0,0.0,100.5,0.0
17.377,PDO_FEEDBACK_22,-4.421,0.047,-0.5720000000000001,100.2,0.0,0.0,0.0,100.5,0.0
17.459,PDO_FEEDBACK_24,-4.421,0.047,-0.5720000000000001,100.2,0.0,0.0,0.0,100.5,0.0
17.576,PDO_FEEDBACK_26,-4.421,0.047,-0.5720000000000001,100.2,0.0,0.0,0.0,100.5,0.0
17.618,PDO_FEEDBACK_22,-4.421,0.047,-0.5720000000000001,100.2,0.0,0.0,0.0,100.5,0.0
17.684,CLOSE_22,-4.667,0.052,-0.623,100.2,0.0,0.0,0.0,100.5,0.0
17.724,PDO_FEEDBACK_24,-4.6671000000000005,0.052000000000000005,-0.623,100.2,0.0,0.0,0.0,100.5,0.0
17.819,PDO_FEEDBACK_26,-4.6671000000000005,0.052000000000000005,-0.623,100.2,0.0,0.0,0.0,100.5,0.0
17.868,PDO_FEEDBACK_22,-4.6671000000000005,0.052000000000000005,-0.623,100.2,0.0,0.0,0.0,100.5,0.0
17.888,CLOSE_24,-4.667,0.052,-0.623,100.2,0.0,0.0,0.0,100.5,0.0
17.960,PDO_FEEDBACK_24,-4.6671000000000005,0.052000000000000005,-0.623,100.2,0.0,0.0,0.0,100.5,0.0
18.059,PDO_FEEDBACK_26,-4.6671000000000005,0.052000000000000005,-0.623,100.2,0.0,0.0,0.0,100.5,0.0
18.095,CLOSE_26,-4.667,0.052,-0.623,100.2,0.0,0.0,0.0,100.5,0.0
18.118,PDO_FEEDBACK_22,-4.6671000000000005,0.052000000000000005,-0.623,98.7,11.8,0.0,0.0,100.5,0.0
18.221,PDO_FEEDBACK_24,-4.6671000000000005,0.052000000000000005,-0.623,98.7,11.8,0.0,0.0,100.5,0.0
18.339,PDO_FEEDBACK_26,-4.6671000000000005,0.015,-0.609,98.7,11.8,0.0,0.0,100.5,0.0
18.354,OPEN_22,-4.915,0.015,-0.609,98.7,11.8,0.0,0.0,100.5,0.0
18.406,PDO_FEEDBACK_22,-4.9145,0.015,-0.609,94.4,17.7,0.0,0.0,100.5,0.0
18.472,PDO_FEEDBACK_24,-4.9145,0.015,-0.609,94.4,17.7,0.0,0.0,100.5,0.0
18.570,OPEN_26,-4.915,0.015,-0.609,94.4,17.7,0.0,0.0,100.5,0.0
18.573,PDO_FEEDBACK_26,-4.9145,0.015,-0.609,94.4,17.7,0.0,0.0,98.2,13.8
18.618,PDO_FEEDBACK_22,-4.9145,0.015,-0.609,90.1,14.8,0.0,0.0,98.2,13.8
18.719,PDO_FEEDBACK_24,-4.9145,0.015,-0.609,90.1,14.8,0.0,0.0,98.2,13.8
18.816,PDO_FEEDBACK_26,-5.150799999999999,-0.02,-0.601,90.1,14.8,0.0,0.0,94.4,14.6
18.868,PDO_FEEDBACK_22,-5.150799999999999,-0.02,-0.601,89.6,0.0,0.0,0.0,94.4,14.6
18.958,PDO_FEEDBACK_24,-5.3972,0.03,-0.5630000000000001,89.6,0.0,0.0,0.0,94.4,14.6
19.063,PDO_FEEDBACK_26,-5.3972,0.03,-0.5630000000000001,89.6,0.0,0.0,0.0,93.6,0.0
19.129,PDO_FEEDBACK_22,-5.3972,0.03,-0.5630000000000001,91.3,13.1,0.0,0.0,93.6,0.0
19.214,PDO_FEEDBACK_24,-5.3972,0.03,-0.5630000000000001,91.3,13.1,0.0,0.0,93.6,0.0
19.321,PDO_FEEDBACK_26,-5.646,0.012,-0.665,91.3,13.1,0.0,0.0,94.9,12.4
19.390,PDO_FEEDBACK_22,-5.646,0.012,-0.665,95.6,18.0,0.0,0.0,94.9,12.4
19.462,PDO_FEEDBACK_24,-5.646,0.012,-0.665,95.6,18.0,0.0,0.0,94.9,12.4
19.561,PDO_FEEDBACK_26,-5.646,0.012,-0.665,95.6,18.0,0.0,0.0,98.9,16.5
19.637,PDO_FEEDBACK_22,-5.646,0.012,-0.665,100.0,0.0,0.0,0.0,98.9,16.5
19.725,PDO_FEEDBACK_24,-5.8918,0.008,-0.618,100.0,0.0,0.0,0.0,98.9,16.5
19.813,PDO_FEEDBACK_26,-5.8918,0.008,-0.618,100.0,0.0,0.0,0.0,100.5,0.0
19.878,PDO_FEEDBACK_22,-5.8918,0.008,-0.618,100.5,0.0,0.0,0.0,100.5,0.0
19.957,PDO_FEEDBACK_24,-5.8918,0.008,-0.618,100.5,0.0,0.0,0.0,100.5,0.0
20.059,PDO_FEEDBACK_26,-5.8918,0.008,-0.618,100.5,0.0,0.0,0.0,100.5,0.0
20.120,PDO_FEEDBACK_22,-6.1402,0.035,-0.632,100.5,0.0,0.0,0.0,100.5,0.0
20.214,PDO_FEEDBACK_24,-6.1402,0.035,-0.632,100.5,0.0,0.0,0.0,100.5,0.0
20.323,PDO_FEEDBACK_26,-6.1402,0.035,-0.632,100.5,0.0,0.0,0.0,100.5,0.0
20.373,PDO_FEEDBACK_22,-6.1402,0.035,-0.632,100.5,0.0,0.0,0.0,100.5,0.0
20.456,PDO_FEEDBACK_24,-6.1402,0.035,-0.632,100.5,0.0,0.0,0.0,100.5,0.0
20.559,PDO_FEEDBACK_26,-6.3848,-0.001,-0.616,100.5,0.0,0.0,0.0,100.5,0.0
20.617,PDO_FEEDBACK_22,-6.3848,-0.001,-0.616,100.5,0.0,0.0,0.0,100.5,0.0
20.706,PDO_FEEDBACK_24,-6.3848,-0.001,-0.616,100.5,0.0,0.0,0.0,100.5,0.0
20.810,PDO_FEEDBACK_26,-6.3848,-0.001,-0.616,100.5,0.0,0.0,0.0,100.5,0.0
20.888,PDO_FEEDBACK_22,-6.3848,0.014,-0.624,100.5,0.0,0.0,0.0,100.5,0.0
20.953,PDO_FEEDBACK_24,-6.6341,0.014,-0.624,100.5,0.0,0.0,0.0,100.5,0.0
21.059,PDO_FEEDBACK_26,-6.6341,0.014,-0.624,100.5,0.0,0.0,0.0,100.5,0.0
21.132,PDO_FEEDBACK_22,-6.6341,0.014,-0.624,100.5,0.0,0.0,0.0,100.5,0.0
21.210,PDO_FEEDBACK_24,-6.6341,0.014,-0.624,100.5,0.0,0.0,0.0,100.5,0.0
21.314,PDO_FEEDBACK_26,-6.8811,0.002,-0.623,100.5,0.0,0.0,0.0,100.5,0.0
21.370,PDO_FEEDBACK_22,-6.8811,0.002,-0.623,100.5,0.0,0.0,0.0,100.5,0.0
21.458,PDO_FEEDBACK_24,-6.8811,0.002,-0.623,100.5,0.0,0.0,0.0,100.5,0.0
21.573,PDO_FEEDBACK_26,-6.8811,0.002,-0.623,100.5,0.0,0.0,0.0,100.5,0.0
21.622,PDO_FEEDBACK_22,-6.8811,0.002,-0.623,100.5,0.0,0.0,0.0,100.5,0.0
21.707,PDO_FEEDBACK_24,-7.1343,-0.032,-0.631,100.5,0.0,0.0,0.0,100.5,0.0
21.823,PDO_FEEDBACK_26,-7.1343,-0.032,-0.631,100.5,0.0,0.0,0.0,100.5,0.0
21.876,PDO_FEEDBACK_22,-7.1343,-0.032,-0.631,100.5,0.0,0.0,0.0,100.5,0.0
21.952,PDO_FEEDBACK_24,-7.1343,-0.032,-0.631,100.5,0.0,0.0,0.0,100.5,0.0
22.061,PDO_FEEDBACK_26,-7.1343,-0.032,-0.631,100.5,0.0,0.0,0.0,100.5,0.0
22.123,PDO_FEEDBACK_22,-7.3885,0.006,-0.668,100.5,0.0,0.0,0.0,100.5,0.0
22.204,PDO_FEEDBACK_24,-7.3885,0.006,-0.668,100.5,0.0,0.0,0.0,100.5,0.0
22.308,PDO_FEEDBACK_26,-7.3885,0.006,-0.668,100.5,0.0,0.0,0.0,100.5,0.0
22.370,PDO_FEEDBACK_22,-7.3885,0.006,-0.668,100.5,0.0,0.0,0.0,100.5,0.0
22.453,PDO_FEEDBACK_24,-7.3885,0.006,-0.668,100.5,0.0,0.0,0.0,100.5,0.0
22.568,PDO_FEEDBACK_26,-7.6324,0.027,-0.621,100.5,0.0,0.0,0.0,100.5,0.0
22.629,PDO_FEEDBACK_22,-7.6324,0.027,-0.621,100.5,0.0,0.0,0.0,100.5,0.0
22.710,PDO_FEEDBACK_24,-7.6324,0.027,-0.621,100.5,0.0,0.0,0.0,100.5,0.0
22.809,PDO_FEEDBACK_26,-7.6324,0.027,-0.621,100.5,0.0,0.0,0.0,100.5,0.0
22.871,PDO_FEEDBACK_22,-7.6324,0.027,-0.621,100.5,0.0,0.0,0.0,100.5,0.0
22.978,PDO_FEEDBACK_24,-7.8804,-0.009000000000000001,-0.599,100.5,0.0,0.0,0.0,100.5,0.0
23.058,PDO_FEEDBACK_26,-7.8804,-0.009000000000000001,-0.599,100.5,0.0,0.0,0.0,100.5,0.0
23.117,PDO_FEEDBACK_22,-7.8804,-0.009000000000000001,-0.599,100.5,0.0,0.0,0.0,100.5,0.0
23.216,PDO_FEEDBACK_24,-7.8804,-0.009000000000000001,-0.599,100.5,0.0,0.0,0.0,100.5,0.0
23.308,PDO_FEEDBACK_26,-8.1252,0.011,-0.633,100.5,0.0,0.0,0.0,100.5,0.0
23.376,PDO_FEEDBACK_22,-8.1252,0.011,-0.633,100.5,0.0,0.0,0.0,100.5,0.0
23.491,PDO_FEEDBACK_24,-8.1252,0.011,-0.633,100.5,0.0,0.0,0.0,100.5,0.0
23.558,PDO_FEEDBACK_26,-8.1252,0.011,-0.633,100.5,0.0,0.0,0.0,100.5,0.0
23.617,PDO_FEEDBACK_22,-8.1252,0.011,-0.633,100.5,0.0,0.0,0.0,100.5,0.0
23.700,CLOSE_24,-8.371,0.045,-0.617,100.5,0.0,0.0,0.0,100.5,0.0
23.716,PDO_FEEDBACK_24,-8.371,0.045,-0.617,100.5,0.0,0.0,0.0,100.5,0.0
23.809,PDO_FEEDBACK_26,-8.371,0.045,-0.617,100.5,0.0,0.0,0.0,100.5,0.0
23.870,PDO_FEEDBACK_22,-8.371,0.045,-0.617,100.5,0.0,0.0,0.0,100.5,0.0
23.955,PDO_FEEDBACK_24,-8.371,0.045,-0.617,100.5,0.0,0.0,0.0,100.5,0.0
24.064,PDO_FEEDBACK_26,-8.371,0.045,-0.617,100.5,0.0,0.0,0.0,100.5,0.0
24.093,OPEN_22,-8.616,0.015,-0.634,100.5,0.0,0.0,0.0,100.5,0.0
24.118,PDO_FEEDBACK_22,-8.6164,0.015,-0.634,100.5,0.0,0.0,0.0,100.5,0.0
24.221,PDO_FEEDBACK_24,-8.6164,0.015,-0.634,100.5,0.0,0.0,0.0,100.5,0.0
24.316,PDO_FEEDBACK_26,-8.6164,0.015,-0.634,100.5,0.0,0.0,0.0,100.5,0.0
24.371,PDO_FEEDBACK_22,-8.6164,0.015,-0.634,100.5,0.0,0.0,0.0,100.5,0.0
24.459,PDO_FEEDBACK_24,-8.6164,0.015,-0.634,100.5,0.0,0.0,0.0,100.5,0.0
24.558,PDO_FEEDBACK_26,-8.8683,0.01,-0.603,100.5,0.0,0.0,0.0,100.5,0.0
24.617,PDO_FEEDBACK_22,-8.8683,0.01,-0.603,100.5,0.0,0.0,0.0,100.5,0.0
24.706,PDO_FEEDBACK_24,-8.8683,0.01,-0.603,100.5,0.0,0.0,0.0,100.5,0.0
24.813,PDO_FEEDBACK_26,-8.8683,0.01,-0.603,100.5,0.0,0.0,0.0,100.5,0.0
24.867,PDO_FEEDBACK_22,-8.8683,0.01,-0.603,100.5,0.0,0.0,0.0,100.5,0.0
24.972,PDO_FEEDBACK_24,-9.1203,0.0,-0.651,100.5,0.0,0.0,0.0,100.5,0.0
25.058,PDO_FEEDBACK_26,-9.1203,0.0,-0.651,100.5,0.0,0.0,0.0,100.5,0.0
25.116,PDO_FEEDBACK_22,-9.1203,0.0,-0.651,100.5,0.0,0.0,0.0,100.5,0.0
25.205,PDO_FEEDBACK_24,-9.1203,0.0,-0.651,100.5,0.0,0.0,0.0,100.5,0.0
25.329,PDO_FEEDBACK_26,-9.3699,-0.007,-0.635,100.5,0.0,0.0,0.0,100.5,0.0
25.435,PDO_FEEDBACK_22,-9.3699,-0.007,-0.635,100.5,0.0,0.0,0.0,100.5,0.0
25.482,PDO_FEEDBACK_24,-9.3699,-0.007,-0.635,100.5,0.0,0.0,0.0,100.5,0.0
25.586,PDO_FEEDBACK_26,-9.3699,-0.007,-0.635,100.5,0.0,0.0,0.0,100.5,0.0
25.628,PDO_FEEDBACK_22,-9.3699,-0.007,-0.635,100.5,0.0,0.0,0.0,100.5,0.0
25.714,PDO_FEEDBACK_24,-9.6195,-0.025,-0.614,100.5,0.0,0.0,0.0,100.5,0.0
25.813,PDO_FEEDBACK_26,-9.6195,-0.025,-0.614,100.5,0.0,0.0,0.0,100.5,0.0
25.866,PDO_FEEDBACK_22,-9.6195,-0.025,-0.614,100.5,0.0,0.0,0.0,100.5,0.0
25.952,PDO_FEEDBACK_24,-9.6195,-0.025,-0.614,100.5,0.0,0.0,0.0,100.5,0.0
26.057,PDO_FEEDBACK_26,-9.6195,-0.025,-0.614,100.5,0.0,0.0,0.0,100.5,0.0
26.120,PDO_FEEDBACK_22,-9.871,0.01,-0.63,100.5,0.0,0.0,0.0,100.5,0.0
26.207,PDO_FEEDBACK_24,-9.871,0.01,-0.63,100.5,0.0,0.0,0.0,100.5,0.0
26.329,PDO_FEEDBACK_26,-9.871,0.01,-0.63,100.5,0.0,0.0,0.0,100.5,0.0
26.369,PDO_FEEDBACK_22,-9.871,0.01,-0.63,100.5,0.0,0.0,0.0,100.5,0.0
26.462,PDO_FEEDBACK_24,-9.871,0.01,-0.63,100.5,0.0,0.0,0.0,100.5,0.0
26.565,PDO_FEEDBACK_26,-10.1118,0.054,-0.606,100.5,0.0,0.0,0.0,100.5,0.0
26.621,PDO_FEEDBACK_22,-10.1118,0.054,-0.606,100.5,0.0,0.0,0.0,100.5,0.0
26.704,PDO_FEEDBACK_24,-10.1118,0.054,-0.606,100.5,0.0,0.0,0.0,100.5,0.0
26.808,PDO_FEEDBACK_26,-10.1118,0.054,-0.606,100.5,0.0,0.0,0.0,100.5,0.0
26.866,PDO_FEEDBACK_22,-10.1118,0.054,-0.606,100.5,0.0,0.0,0.0,100.5,0.0
26.953,PDO_FEEDBACK_24,-10.3528,0.004,-0.622,100.5,0.0,0.0,0.0,100.5,0.0
27.056,PDO_FEEDBACK_26,-10.3528,0.004,-0.622,100.5,0.0,0.0,0.0,100.5,0.0
27.120,PDO_FEEDBACK_22,-10.3528,0.004,-0.622,100.5,0.0,0.0,0.0,100.5,0.0
27.241,PDO_FEEDBACK_24,-10.3528,0.004,-0.622,100.5,0.0,0.0,0.0,100.5,0.0
27.378,PDO_FEEDBACK_26,-10.6066,-0.009000000000000001,-0.675,100.5,0.0,0.0,0.0,100.5,0.0
27.431,PDO_FEEDBACK_22,-10.6066,-0.009000000000000001,-0.675,100.5,0.0,0.0,0.0,100.5,0.0
27.517,PDO_FEEDBACK_24,-10.6066,-0.009000000000000001,-0.675,100.5,0.0,0.0,0.0,100.5,0.0
27.609,PDO_FEEDBACK_26,-10.6066,-0.009000000000000001,-0.675,100.5,0.0,0.0,0.0,100.5,0.0
27.653,PDO_FEEDBACK_22,-10.6066,-0.009000000000000001,-0.675,100.5,0.0,0.0,0.0,100.5,0.0
27.702,PDO_FEEDBACK_24,-10.854700000000001,-0.009000000000000001,-0.651,100.5,0.0,0.0,0.0,100.5,0.0
27.809,PDO_FEEDBACK_26,-10.854700000000001,-0.009000000000000001,-0.651,100.5,0.0,0.0,0.0,100.5,0.0
27.872,PDO_FEEDBACK_22,-10.854700000000001,-0.009000000000000001,-0.651,100.5,0.0,0.0,0.0,100.5,0.0
27.951,PDO_FEEDBACK_24,-10.854700000000001,-0.009000000000000001,-0.651,100.5,0.0,0.0,0.0,100.5,0.0
28.056,PDO_FEEDBACK_26,-10.854700000000001,-0.009000000000000001,-0.651,100.5,0.0,0.0,0.0,100.5,0.0
28.179,PDO_FEEDBACK_22,-11.1107,-0.015,-0.624,100.5,0.0,0.0,0.0,100.5,0.0
28.280,PDO_FEEDBACK_24,-11.1107,-0.015,-0.624,100.5,0.0,0.0,0.0,100.5,0.0
28.387,PDO_FEEDBACK_26,-11.1107,-0.015,-0.624,100.5,0.0,0.0,0.0,100.5,0.0
28.440,PDO_FEEDBACK_22,-11.1107,-0.015,-0.624,100.5,0.0,0.0,0.0,100.5,0.0
28.518,PDO_FEEDBACK_24,-11.3595,-0.015,-0.651,100.5,0.0,0.0,0.0,100.5,0.0
28.631,PDO_FEEDBACK_26,-11.3595,-0.015,-0.651,100.5,0.0,0.0,0.0,100.5,0.0
28.668,PDO_FEEDBACK_22,-11.3595,-0.015,-0.651,100.5,0.0,0.0,0.0,100.5,0.0
28.725,PDO_FEEDBACK_24,-11.3595,-0.015,-0.651,100.5,0.0,0.0,0.0,100.5,0.0
28.810,PDO_FEEDBACK_26,-11.3595,-0.015,-0.651,100.5,0.0,0.0,0.0,100.5,0.0
28.929,PDO_FEEDBACK_22,-11.6014,-0.001,-0.586,100.5,0.0,0.0,0.0,100.5,0.0
28.976,PDO_FEEDBACK_24,-11.6014,-0.001,-0.586,100.5,0.0,0.0,0.0,100.5,0.0
29.062,PDO_FEEDBACK_26,-11.6014,-0.001,-0.586,100.5,0.0,0.0,0.0,100.5,0.0
29.148,PDO_FEEDBACK_22,-11.6014,-0.001,-0.586,100.5,0.0,0.0,0.0,100.5,0.0
29.202,PDO_FEEDBACK_24,-11.6014,-0.001,-0.586,100.5,0.0,0.0,0.0,100.5,0.0
29.334,PDO_FEEDBACK_26,-11.8518,-0.024,-0.637,100.5,0.0,0.0,0.0,100.5,0.0
29.399,PDO_FEEDBACK_22,-11.8518,-0.024,-0.637,100.5,0.0,0.0,0.0,100.5,0.0
29.505,PDO_FEEDBACK_24,-11.8518,-0.024,-0.637,100.5,0.0,0.0,0.0,100.5,0.0
29.593,PDO_FEEDBACK_26,-11.8518,-0.024,-0.637,100.5,0.0,0.0,0.0,100.5,0.0
29.749,OPEN_22,-12.095,0.011,-0.616,100.5,0.0,0.0,0.0,100.5,0.0
29.760,PDO_FEEDBACK_22,-12.0949,0.011,-0.616,100.5,0.0,0.0,0.0,100.5,0.0
29.864,PDO_FEEDBACK_24,-12.0949,0.011,-0.616,100.5,0.0,0.0,0.0,100.5,0.0
29.920,PDO_FEEDBACK_26,-12.0949,0.011,-0.616,100.5,0.0,0.0,0.0,100.5,0.0
29.954,CLOSE_24,-12.095,0.011,-0.616,100.5,0.0,0.0,0.0,100.5,0.0
30.003,PDO_FEEDBACK_22,-12.0949,0.011,-0.616,100.5,0.0,0.0,0.0,100.5,0.0
30.055,PDO_FEEDBACK_24,-12.0949,0.011,-0.616,100.5,0.0,0.0,0.0,100.5,0.0
30.090,PDO_FEEDBACK_26,-12.0949,0.011,-0.616,100.5,0.0,0.0,0.0,100.5,0.0
30.123,PDO_FEEDBACK_22,-12.0949,0.011,-0.616,100.5,0.0,0.0,0.0,100.5,0.0
30.160,CLOSE_26,-12.095,0.011,-0.616,100.5,0.0,0.0,0.0,100.5,0.0
30.201,PDO_FEEDBACK_24,-12.0949,0.011,-0.616,100.5,0.0,0.0,0.0,100.5,0.0
30.314,PDO_FEEDBACK_26,-12.0949,0.011,-0.616,100.5,0.0,0.0,0.0,100.5,0.0
30.401,PDO_FEEDBACK_22,-12.0949,0.018000000000000002,-0.626,100.5,0.0,0.0,0.0,100.5,0.0
30.499,PDO_FEEDBACK_24,-12.589,0.019,-0.626,100.5,0.0,0.0,0.0,100.5,0.0
30.568,PDO_FEEDBACK_26,-12.589,0.019,-0.626,100.5,0.0,0.0,0.0,99.2,10.0
30.632,PDO_FEEDBACK_22,-12.589,0.019,-0.626,100.5,0.0,0.0,0.0,99.2,10.0
30.714,PDO_FEEDBACK_24,-12.589,0.019,-0.626,100.5,0.0,0.0,0.0,99.2,10.0
30.822,PDO_FEEDBACK_26,-12.589,0.019,-0.626,100.5,0.0,0.0,0.0,95.1,18.6
30.866,PDO_FEEDBACK_22,-12.589,0.019,-0.626,100.5,0.0,0.0,0.0,95.1,18.6
30.953,PDO_FEEDBACK_24,-12.8369,-0.004,-0.607,100.5,0.0,0.0,0.0,95.1,18.6
31.056,PDO_FEEDBACK_26,-12.8369,-0.004,-0.607,100.5,0.0,0.0,0.0,90.3,19.7
31.116,PDO_FEEDBACK_22,-12.8369,-0.004,-0.607,100.5,0.0,0.0,0.0,90.3,19.7
31.200,PDO_FEEDBACK_24,-12.8369,-0.004,-0.607,100.5,0.0,0.0,0.0,90.3,19.7
31.314,PDO_FEEDBACK_26,-13.088500000000002,0.025,-0.679,100.5,0.0,0.0,0.0,85.2,20.0
31.366,PDO_FEEDBACK_22,-13.088500000000002,0.025,-0.679,100.5,0.0,0.0,0.0,85.2,20.0
31.464,PDO_FEEDBACK_24,-13.088500000000002,0.025,-0.679,100.5,0.0,0.0,0.0,85.2,20.0
31.560,PDO_FEEDBACK_26,-13.088500000000002,0.025,-0.679,100.5,0.0,0.0,0.0,80.7,18.6
31.626,PDO_FEEDBACK_22,-13.088500000000002,0.025,-0.679,100.5,0.0,0.0,0.0,80.7,18.6
31.701,PDO_FEEDBACK_24,-13.3421,0.009000000000000001,-0.674,100.5,0.0,0.0,0.0,80.7,18.6
31.810,PDO_FEEDBACK_26,-13.3421,0.009000000000000001,-0.674,100.5,0.0,0.0,0.0,76.4,18.0
31.866,PDO_FEEDBACK_22,-13.3421,0.009000000000000001,-0.674,100.5,0.0,0.0,0.0,76.4,18.0
31.952,PDO_FEEDBACK_24,-13.3421,0.009000000000000001,-0.674,100.5,0.0,0.0,0.0,76.4,18.0
32.054,PDO_FEEDBACK_26,-13.3421,0.009000000000000001,-0.674,100.5,0.0,0.0,0.0,72.1,17.3
32.136,PDO_FEEDBACK_22,-13.5972,-0.005,-0.626,100.5,0.0,0.0,0.0,72.1,17.3
32.200,PDO_FEEDBACK_24,-13.5972,-0.005,-0.626,100.5,0.0,0.0,0.0,72.1,17.3
32.307,PDO_FEEDBACK_26,-13.5972,-0.005,-0.626,100.5,0.0,0.0,0.0,67.7,17.5
32.366,PDO_FEEDBACK_22,-13.5972,-0.005,-0.626,100.5,0.0,0.0,0.0,67.7,17.5
32.451,PDO_FEEDBACK_24,-13.5972,-0.005,-0.626,100.5,0.0,0.0,0.0,67.7,17.5
32.555,PDO_FEEDBACK_26,-13.843900000000001,0.068,-0.649,100.5,0.0,0.0,0.0,63.4,15.9
32.621,PDO_FEEDBACK_22,-13.843900000000001,0.068,-0.649,100.5,0.0,0.0,0.0,63.4,15.9
32.703,PDO_FEEDBACK_24,-13.843900000000001,0.068,-0.649,100.5,0.0,0.0,0.0,63.4,15.9
32.806,PDO_FEEDBACK_26,-13.843900000000001,0.068,-0.649,100.5,0.0,0.0,0.0,59.1,16.1
32.866,PDO_FEEDBACK_22,-13.843900000000001,0.068,-0.649,100.5,0.0,0.0,0.0,59.1,16.1
32.950,PDO_FEEDBACK_24,-14.092600000000001,0.028,-0.629,100.5,0.0,0.0,0.0,59.1,16.1
33.054,PDO_FEEDBACK_26,-14.092600000000001,0.028,-0.629,100.5,0.0,0.0,0.0,54.8,17.0
33.117,PDO_FEEDBACK_22,-14.092600000000001,0.028,-0.629,100.5,0.0,0.0,0.0,54.8,17.0
33.206,PDO_FEEDBACK_24,-14.092600000000001,0.028,-0.629,100.5,0.0,0.0,0.0,54.8,17.0
33.307,PDO_FEEDBACK_26,-14.3449,-0.016,-0.671,100.5,0.0,0.0,0.0,50.5,18.1
33.369,PDO_FEEDBACK_22,-14.3449,-0.016,-0.671,100.5,0.0,0.0,0.0,50.5,18.1
33.450,PDO_FEEDBACK_24,-14.3449,-0.016,-0.671,100.5,0.0,0.0,0.0,50.5,18.1
33.558,PDO_FEEDBACK_26,-14.3449,-0.016,-0.671,100.5,0.0,0.0,0.0,46.4,17.5
33.620,PDO_FEEDBACK_22,-14.3449,-0.016,-0.671,100.5,0.0,0.0,0.0,46.4,17.5
33.700,PDO_FEEDBACK_24,-14.5953,0.034,-0.609,100.5,0.0,0.0,0.0,46.4,17.5
33.817,PDO_FEEDBACK_26,-14.5953,0.034,-0.609,100.5,0.0,0.0,0.0,42.1,16.7
33.866,PDO_FEEDBACK_22,-14.5953,0.034,-0.609,100.5,0.0,0.0,0.0,42.1,16.7
33.951,PDO_FEEDBACK_24,-14.5953,0.034,-0.609,100.5,0.0,0.0,0.0,42.1,16.7
34.057,PDO_FEEDBACK_26,-14.5953,0.034,-0.609,100.5,0.0,0.0,0.0,37.8,15.9
34.126,PDO_FEEDBACK_22,-14.8529,0.002,-0.646,100.5,0.0,0.0,0.0,37.8,15.9
34.202,PDO_FEEDBACK_24,-14.8529,0.002,-0.646,100.5,0.0,0.0,0.0,37.8,15.9
34.326,PDO_FEEDBACK_26,-14.8529,0.002,-0.646,100.5,0.0,0.0,0.0,33.5,16.5
34.367,PDO_FEEDBACK_22,-14.8529,0.002,-0.646,100.5,0.0,0.0,0.0,33.5,16.5
34.460,PDO_FEEDBACK_24,-14.8529,0.002,-0.646,100.5,0.0,0.0,0.0,33.5,16.5
34.554,PDO_FEEDBACK_26,-15.1087,0.015,-0.679,100.5,0.0,0.0,0.0,29.4,17.3
34.639,PDO_FEEDBACK_22,-15.1087,0.015,-0.679,100.5,0.0,0.0,0.0,29.4,17.3
34.716,PDO_FEEDBACK_24,-15.1087,0.015,-0.679,100.5,0.0,0.0,0.0,29.4,17.3
34.811,PDO_FEEDBACK_26,-15.1087,0.015,-0.679,100.5,0.0,0.0,0.0,25.1,17.6
34.868,PDO_FEEDBACK_22,-15.1087,0.015,-0.679,100.5,0.0,0.0,0.0,25.1,17.6
34.970,PDO_FEEDBACK_24,-15.3536,-0.011,-0.634,100.5,0.0,0.0,0.0,25.1,17.6
35.081,PDO_FEEDBACK_26,-15.3536,-0.011,-0.634,100.5,0.0,0.0,0.0,20.8,17.7
35.117,PDO_FEEDBACK_22,-15.3536,-0.011,-0.634,100.5,0.0,0.0,0.0,20.8,17.7
35.201,PDO_FEEDBACK_24,-15.3536,-0.011,-0.634,100.5,0.0,0.0,0.0,20.8,17.7
35.294,CLOSE_24,-15.601,-0.020,-0.627,100.5,0.0,0.0,0.0,20.8,17.7
35.322,PDO_FEEDBACK_26,-15.6012,-0.02,-0.627,100.5,0.0,0.0,0.0,16.5,17.3
35.377,PDO_FEEDBACK_22,-15.6012,-0.02,-0.627,100.5,0.0,0.0,0.0,16.5,17.3
35.466,PDO_FEEDBACK_24,-15.6012,-0.02,-0.627,100.5,0.0,0.0,0.0,16.5,17.3
35.503,CLOSE_26,-15.601,-0.020,-0.627,100.5,0.0,0.0,0.0,16.5,17.3
35.558,PDO_FEEDBACK_26,-15.6012,-0.02,-0.627,100.5,0.0,0.0,0.0,12.4,16.2
35.616,PDO_FEEDBACK_22,-15.6012,-0.02,-0.627,100.5,0.0,0.0,0.0,12.4,16.2
35.705,PDO_FEEDBACK_24,-15.6012,-0.02,-0.627,100.5,0.0,0.0,0.0,12.4,16.2
35.761,OPEN_22,-15.840,0.008,-0.607,100.5,0.0,0.0,0.0,12.4,16.2
35.875,PDO_FEEDBACK_26,-15.8399,0.008,-0.607,100.5,0.0,0.0,0.0,8.1,16.1
35.908,PDO_FEEDBACK_22,-15.8399,0.008,-0.607,100.5,0.0,0.0,0.0,8.1,16.1
35.973,PDO_FEEDBACK_24,-15.8399,0.008,-0.607,100.5,0.0,0.0,0.0,8.1,16.1
36.054,PDO_FEEDBACK_26,-15.8399,0.008,-0.607,100.5,0.0,0.0,0.0,3.8,16.7
36.128,PDO_FEEDBACK_22,-16.0839,0.005,-0.585,100.5,0.0,0.0,0.0,3.8,16.7
36.205,PDO_FEEDBACK_24,-16.0839,0.005,-0.585,100.5,0.0,0.0,0.0,3.8,16.7
36.323,PDO_FEEDBACK_26,-16.0839,0.005,-0.585,100.5,0.0,0.0,0.0,0.3,13.2
36.377,PDO_FEEDBACK_22,-16.0839,0.005,-0.585,100.5,0.0,0.0,0.0,0.3,13.2
36.449,PDO_FEEDBACK_24,-16.0839,0.005,-0.585,100.5,0.0,0.0,0.0,0.3,13.2
36.560,PDO_FEEDBACK_26,-16.3355,-0.014,-0.632,100.5,0.0,0.0,0.0,0.0,0.0
36.617,PDO_FEEDBACK_22,-16.3355,-0.014,-0.632,100.5,0.0,0.0,0.0,0.0,0.0
36.700,PDO_FEEDBACK_24,-16.3355,-0.014,-0.632,100.5,0.0,0.0,0.0,0.0,0.0
36.804,PDO_FEEDBACK_26,-16.3355,-0.014,-0.632,100.5,0.0,0.0,0.0,0.0,0.0
36.901,PDO_FEEDBACK_22,-16.580099999999998,0.03,-0.622,100.5,0.0,0.0,0.0,0.0,0.0
36.967,PDO_FEEDBACK_24,-16.580099999999998,0.03,-0.622,100.5,0.0,0.0,0.0,0.0,0.0
37.053,PDO_FEEDBACK_26,-16.580099999999998,0.03,-0.622,100.5,0.0,0.0,0.0,0.0,0.0
37.115,PDO_FEEDBACK_22,-16.580099999999998,0.03,-0.622,100.5,0.0,0.0,0.0,0.0,0.0
37.203,PDO_FEEDBACK_24,-16.580099999999998,0.03,-0.622,100.5,0.0,0.0,0.0,0.0,0.0
37.337,PDO_FEEDBACK_26,-16.823700000000002,0.003,-0.613,100.5,0.0,0.0,0.0,0.0,0.0
37.389,PDO_FEEDBACK_22,-16.823700000000002,0.003,-0.613,100.5,0.0,0.0,0.0,0.0,0.0
37.460,PDO_FEEDBACK_24,-16.823700000000002,0.003,-0.613,100.5,0.0,0.0,0.0,0.0,0.0
37.557,PDO_FEEDBACK_26,-16.823700000000002,0.003,-0.613,100.5,0.0,0.0,0.0,0.0,0.0
37.623,PDO_FEEDBACK_22,-16.823700000000002,0.003,-0.613,100.5,0.0,0.0,0.0,0.0,0.0
37.711,PDO_FEEDBACK_24,-17.0712,0.006,-0.636,100.5,0.0,0.0,0.0,0.0,0.0
37.809,PDO_FEEDBACK_26,-17.0712,0.006,-0.636,100.5,0.0,0.0,0.0,0.0,0.0
37.865,PDO_FEEDBACK_22,-17.0712,0.006,-0.636,100.5,0.0,0.0,0.0,0.0,0.0
37.951,PDO_FEEDBACK_24,-17.0712,0.006,-0.636,100.5,0.0,0.0,0.0,0.0,0.0
38.054,PDO_FEEDBACK_26,-17.0712,0.006,-0.636,100.5,0.0,0.0,0.0,0.0,0.0
38.116,PDO_FEEDBACK_22,-17.317,0.029,-0.625,100.5,0.0,0.0,0.0,0.0,0.0
38.209,PDO_FEEDBACK_24,-17.317,0.029,-0.625,100.5,0.0,0.0,0.0,0.0,0.0
38.308,PDO_FEEDBACK_26,-17.317,0.029,-0.625,100.5,0.0,0.0,0.0,0.0,0.0
38.368,PDO_FEEDBACK_22,-17.317,0.029,-0.625,100.5,0.0,0.0,0.0,0.0,0.0
38.449,PDO_FEEDBACK_24,-17.317,0.029,-0.625,100.5,0.0,0.0,0.0,0.0,0.0
38.557,PDO_FEEDBACK_26,-17.5697,0.013000000000000001,-0.638,100.5,0.0,0.0,0.0,0.0,0.0
38.618,PDO_FEEDBACK_22,-17.5697,0.013000000000000001,-0.638,100.5,0.0,0.0,0.0,0.0,0.0
38.699,PDO_FEEDBACK_24,-17.5697,0.013000000000000001,-0.638,100.5,0.0,0.0,0.0,0.0,0.0
38.813,PDO_FEEDBACK_26,-17.5697,0.013000000000000001,-0.638,100.5,0.0,0.0,0.0,0.0,0.0
38.866,PDO_FEEDBACK_22,-17.5697,0.013000000000000001,-0.638,100.5,0.0,0.0,0.0,0.0,0.0
38.951,PDO_FEEDBACK_24,-17.8169,0.005,-0.633,100.5,0.0,0.0,0.0,0.0,0.0
39.055,PDO_FEEDBACK_26,-17.8169,0.005,-0.633,100.5,0.0,0.0,0.0,0.0,0.0
39.115,PDO_FEEDBACK_22,-17.8169,0.005,-0.633,100.5,0.0,0.0,0.0,0.0,0.0
39.202,PDO_FEEDBACK_24,-17.8169,0.005,-0.633,100.5,0.0,0.0,0.0,0.0,0.0
39.307,PDO_FEEDBACK_26,-18.0607,0.016,-0.597,100.5,0.0,0.0,0.0,0.0,0.0
39.365,PDO_FEEDBACK_22,-18.0607,0.016,-0.597,100.5,0.0,0.0,0.0,0.0,0.0
39.449,PDO_FEEDBACK_24,-18.0607,0.016,-0.597,100.5,0.0,0.0,0.0,0.0,0.0
39.552,PDO_FEEDBACK_26,-18.0607,0.016,-0.597,100.5,0.0,0.0,0.0,0.0,0.0
39.619,PDO_FEEDBACK_22,-18.0607,0.016,-0.597,100.5,0.0,0.0,0.0,0.0,0.0
39.703,PDO_FEEDBACK_24,-18.305500000000002,0.0,-0.633,100.5,0.0,0.0,0.0,0.0,0.0
39.813,PDO_FEEDBACK_26,-18.305500000000002,0.0,-0.633,100.5,0.0,0.0,0.0,0.0,0.0
39.868,PDO_FEEDBACK_22,-18.305500000000002,0.0,-0.633,100.5,0.0,0.0,0.0,0.0,0.0
39.958,PDO_FEEDBACK_24,-18.305500000000002,0.0,-0.633,100.5,0.0,0.0,0.0,0.0,0.0
40.052,PDO_FEEDBACK_26,-18.305500000000002,0.0,-0.633,100.5,0.0,0.0,0.0,0.0,0.0
40.114,PDO_FEEDBACK_22,-18.5529,-0.012,-0.623,100.5,0.0,0.0,0.0,0.0,0.0
40.200,PDO_FEEDBACK_24,-18.5529,-0.012,-0.623,100.5,0.0,0.0,0.0,0.0,0.0
40.305,PDO_FEEDBACK_26,-18.5529,-0.012,-0.623,100.5,0.0,0.0,0.0,0.0,0.0
40.365,PDO_FEEDBACK_22,-18.5529,-0.012,-0.623,100.5,0.0,0.0,0.0,0.0,0.0
40.448,PDO_FEEDBACK_24,-18.5529,-0.012,-0.623,100.5,0.0,0.0,0.0,0.0,0.0
40.555,PDO_FEEDBACK_26,-18.801000000000002,0.02,-0.627,100.5,0.0,0.0,0.0,0.0,0.0
40.615,PDO_FEEDBACK_22,-18.801000000000002,0.02,-0.627,100.5,0.0,0.0,0.0,0.0,0.0
40.700,PDO_FEEDBACK_24,-18.801000000000002,0.02,-0.627,100.5,0.0,0.0,0.0,0.0,0.0
40.808,PDO_FEEDBACK_26,-18.801000000000002,0.02,-0.627,100.5,0.0,0.0,0.0,0.0,0.0
40.864,PDO_FEEDBACK_22,-18.801000000000002,0.02,-0.627,100.5,0.0,0.0,0.0,0.0,0.0
40.948,PDO_FEEDBACK_24,-19.0612,0.019,-0.624,100.5,0.0,0.0,0.0,0.0,0.0
41.057,PDO_FEEDBACK_26,-19.0612,0.019,-0.624,100.5,0.0,0.0,0.0,0.0,0.0
41.115,PDO_FEEDBACK_22,-19.0612,0.019,-0.624,100.5,0.0,0.0,0.0,0.0,0.0
41.198,PDO_FEEDBACK_24,-19.0612,0.019,-0.624,100.5,0.0,0.0,0.0,0.0,0.0
41.300,CLOSE_24,-19.317,0.032,-0.660,100.5,0.0,0.0,0.0,0.0,0.0
41.331,PDO_FEEDBACK_26,-19.3165,0.032,-0.66,100.5,0.0,0.0,0.0,0.0,0.0
41.368,PDO_FEEDBACK_22,-19.3165,0.032,-0.66,100.5,0.0,0.0,0.0,0.0,0.0
41.449,PDO_FEEDBACK_24,-19.3165,0.032,-0.66,100.5,0.0,0.0,0.0,0.0,0.0
41.522,CLOSE_26,-19.317,0.032,-0.660,100.5,0.0,0.0,0.0,0.0,0.0
41.554,PDO_FEEDBACK_26,-19.3165,0.032,-0.66,100.5,0.0,0.0,0.0,0.0,0.0
41.615,PDO_FEEDBACK_22,-19.3165,0.032,-0.66,100.5,0.0,0.0,0.0,0.0,0.0
41.698,PDO_FEEDBACK_24,-19.3165,0.032,-0.66,100.5,0.0,0.0,0.0,0.0,0.0
41.809,PDO_FEEDBACK_26,-19.556600000000003,0.003,-0.603,100.5,0.0,0.0,0.0,0.0,0.0
41.866,PDO_FEEDBACK_22,-19.556600000000003,0.003,-0.603,100.5,0.0,0.0,0.0,0.0,0.0
41.951,PDO_FEEDBACK_24,-19.556600000000003,0.003,-0.603,100.5,0.0,0.0,0.0,0.0,0.0
42.053,PDO_FEEDBACK_26,-19.556600000000003,0.003,-0.603,100.5,0.0,0.0,0.0,0.0,0.0
42.118,PDO_FEEDBACK_22,-19.8029,0.005,-0.636,100.5,0.0,0.0,0.0,0.0,0.0
42.198,PDO_FEEDBACK_24,-19.8029,0.005,-0.636,100.5,0.0,0.0,0.0,0.0,0.0
42.304,PDO_FEEDBACK_26,-19.8029,0.005,-0.636,100.5,0.0,0.0,0.0,0.0,0.0
42.371,PDO_FEEDBACK_22,-19.8029,0.005,-0.636,100.5,0.0,0.0,0.0,0.0,0.0
42.458,PDO_FEEDBACK_24,-19.8029,0.005,-0.636,100.5,0.0,0.0,0.0,0.0,0.0
42.556,PDO_FEEDBACK_26,-20.0402,0.032,-0.62,100.5,0.0,0.0,0.0,0.0,0.0
42.631,PDO_FEEDBACK_22,-20.0402,0.032,-0.62,100.5,0.0,0.0,0.0,0.0,0.0
42.699,PDO_FEEDBACK_24,-20.0402,0.032,-0.62,100.5,0.0,0.0,0.0,0.0,0.0
42.801,PDO_FEEDBACK_26,-20.0402,0.032,-0.62,100.5,0.0,0.0,0.0,0.0,0.0
42.870,PDO_FEEDBACK_22,-20.0402,0.032,-0.62,100.5,0.0,0.0,0.0,0.0,0.0
42.958,PDO_FEEDBACK_24,-20.287599999999998,0.038,-0.632,100.5,0.0,0.0,0.0,0.0,0.0
43.056,PDO_FEEDBACK_26,-20.287599999999998,0.038,-0.632,100.5,0.0,0.0,0.0,0.0,0.0
43.114,PDO_FEEDBACK_22,-20.287599999999998,0.038,-0.632,100.5,0.0,0.0,0.0,0.0,0.0
43.198,PDO_FEEDBACK_24,-20.287599999999998,0.038,-0.632,100.5,0.0,0.0,0.0,0.0,0.0
43.318,PDO_FEEDBACK_26,-20.5437,0.009000000000000001,-0.654,100.5,0.0,0.0,0.0,0.0,0.0
43.368,PDO_FEEDBACK_22,-20.5437,0.009000000000000001,-0.654,100.5,0.0,0.0,0.0,0.0,0.0
43.470,PDO_FEEDBACK_24,-20.5437,0.009000000000000001,-0.654,100.5,0.0,0.0,0.0,0.0,0.0
43.561,PDO_FEEDBACK_26,-20.5437,0.009000000000000001,-0.654,100.5,0.0,0.0,0.0,0.0,0.0
43.623,PDO_FEEDBACK_22,-20.5437,0.009000000000000001,-0.654,100.5,0.0,0.0,0.0,0.0,0.0
43.698,PDO_FEEDBACK_24,-20.7985,-0.004,-0.639,100.5,0.0,0.0,0.0,0.0,0.0
43.801,PDO_FEEDBACK_26,-20.7985,-0.004,-0.639,100.5,0.0,0.0,0.0,0.0,0.0
43.871,PDO_FEEDBACK_22,-20.7985,-0.004,-0.639,100.5,0.0,0.0,0.0,0.0,0.0
43.951,PDO_FEEDBACK_24,-20.7985,-0.004,-0.639,100.5,0.0,0.0,0.0,0.0,0.0
44.052,PDO_FEEDBACK_26,-20.7985,-0.004,-0.639,100.5,0.0,0.0,0.0,0.0,0.0
44.114,PDO_FEEDBACK_22,-21.049300000000002,0.002,-0.626,100.5,0.0,0.0,0.0,0.0,0.0
44.199,PDO_FEEDBACK_24,-21.049300000000002,0.002,-0.626,100.5,0.0,0.0,0.0,0.0,0.0
44.301,PDO_FEEDBACK_26,-21.049300000000002,0.002,-0.626,100.5,0.0,0.0,0.0,0.0,0.0
44.368,PDO_FEEDBACK_22,-21.049300000000002,0.002,-0.626,100.5,0.0,0.0,0.0,0.0,0.0
44.447,PDO_FEEDBACK_24,-21.049300000000002,0.002,-0.626,100.5,0.0,0.0,0.0,0.0,0.0
44.567,PDO_FEEDBACK_26,-21.3014,0.009000000000000001,-0.63,100.5,0.0,0.0,0.0,0.0,0.0
44.619,PDO_FEEDBACK_22,-21.3014,0.009000000000000001,-0.63,100.5,0.0,0.0,0.0,0.0,0.0
44.700,PDO_FEEDBACK_24,-21.3014,0.009000000000000001,-0.63,100.5,0.0,0.0,0.0,0.0,0.0
44.807,PDO_FEEDBACK_26,-21.3014,0.009000000000000001,-0.63,100.5,0.0,0.0,0.0,0.0,0.0
44.868,PDO_FEEDBACK_22,-21.3014,0.009000000000000001,-0.63,100.5,0.0,0.0,0.0,0.0,0.0
44.974,PDO_FEEDBACK_24,-21.5436,0.013000000000000001,-0.605,100.5,0.0,0.0,0.0,0.0,0.0
45.051,PDO_FEEDBACK_26,-21.5436,0.013000000000000001,-0.605,100.5,0.0,0.0,0.0,0.0,0.0
45.114,PDO_FEEDBACK_22,-21.5436,0.013000000000000001,-0.605,100.5,0.0,0.0,0.0,0.0,0.0
45.199,PDO_FEEDBACK_24,-21.5436,0.013000000000000001,-0.605,100.5,0.0,0.0,0.0,0.0,0.0
45.304,PDO_FEEDBACK_26,-21.7901,-0.014,-0.604,100.5,0.0,0.0,0.0,0.0,0.0
45.367,PDO_FEEDBACK_22,-21.7901,-0.014,-0.604,100.5,0.0,0.0,0.0,0.0,0.0
45.447,PDO_FEEDBACK_24,-21.7901,-0.014,-0.604,100.5,0.0,0.0,0.0,0.0,0.0
45.552,PDO_FEEDBACK_26,-21.7901,-0.014,-0.604,100.5,0.0,0.0,0.0,0.0,0.0
45.641,PDO_FEEDBACK_22,-21.7901,-0.014,-0.604,100.5,0.0,0.0,0.0,0.0,0.0
45.733,PDO_FEEDBACK_24,-22.036099999999998,0.05,-0.637,100.5,0.0,0.0,0.0,0.0,0.0
45.815,PDO_FEEDBACK_26,-22.036099999999998,0.05,-0.637,100.5,0.0,0.0,0.0,0.0,0.0
45.885,PDO_FEEDBACK_22,-22.036099999999998,0.05,-0.637,100.5,0.0,0.0,0.0,0.0,0.0
45.950,PDO_FEEDBACK_24,-22.036099999999998,0.05,-0.637,100.5,0.0,0.0,0.0,0.0,0.0
46.052,PDO_FEEDBACK_26,-22.036099999999998,0.05,-0.637,100.5,0.0,0.0,0.0,0.0,0.0
46.116,PDO_FEEDBACK_22,-22.281299999999998,0.009000000000000001,-0.609,100.5,0.0,0.0,0.0,0.0,0.0
46.205,PDO_FEEDBACK_24,-22.281299999999998,0.009000000000000001,-0.609,100.5,0.0,0.0,0.0,0.0,0.0
46.320,PDO_FEEDBACK_26,-22.281299999999998,0.009000000000000001,-0.609,100.5,0.0,0.0,0.0,0.0,0.0
46.373,PDO_FEEDBACK_22,-22.281299999999998,0.009000000000000001,-0.609,100.5,0.0,0.0,0.0,0.0,0.0
46.450,PDO_FEEDBACK_24,-22.281299999999998,0.009000000000000001,-0.609,100.5,0.0,0.0,0.0,0.0,0.0
46.569,PDO_FEEDBACK_26,-22.534799999999997,0.005,-0.631,100.5,0.0,0.0,0.0,0.0,0.0
46.619,PDO_FEEDBACK_22,-22.534799999999997,0.005,-0.631,100.5,0.0,0.0,0.0,0.0,0.0
46.698,PDO_FEEDBACK_24,-22.534799999999997,0.005,-0.631,100.5,0.0,0.0,0.0,0.0,0.0
46.808,PDO_FEEDBACK_26,-22.534799999999997,0.005,-0.631,100.5,0.0,0.0,0.0,0.0,0.0
46.865,PDO_FEEDBACK_22,-22.534799999999997,0.005,-0.631,100.5,0.0,0.0,0.0,0.0,0.0
46.957,PDO_FEEDBACK_24,-22.7899,0.035,-0.653,100.5,0.0,0.0,0.0,0.0,0.0
47.051,PDO_FEEDBACK_26,-22.7899,0.035,-0.653,100.5,0.0,0.0,0.0,0.0,0.0
47.114,PDO_FEEDBACK_22,-22.7899,0.035,-0.653,100.5,0.0,0.0,0.0,0.0,0.0
47.198,PDO_FEEDBACK_24,-22.7899,0.035,-0.653,100.5,0.0,0.0,0.0,0.0,0.0
47.315,CLOSE_22,-23.049,-0.003,-0.647,100.5,0.0,0.0,0.0,0.0,0.0
47.325,PDO_FEEDBACK_26,-23.0488,-0.003,-0.647,100.5,0.0,0.0,0.0,0.0,0.0
47.367,PDO_FEEDBACK_22,-23.0488,-0.003,-0.647,100.5,0.0,0.0,0.0,0.0,0.0
47.447,PDO_FEEDBACK_24,-23.0488,-0.003,-0.647,100.5,0.0,0.0,0.0,0.0,0.0
47.520,OPEN_22,-23.049,-0.003,-0.647,100.5,0.0,0.0,0.0,0.0,0.0
47.551,PDO_FEEDBACK_26,-23.0488,-0.003,-0.647,100.5,0.0,0.0,0.0,0.0,0.0
47.618,PDO_FEEDBACK_22,-23.0488,-0.003,-0.647,100.5,0.0,0.0,0.0,0.0,0.0
47.698,PDO_FEEDBACK_24,-23.0488,-0.003,-0.647,100.5,0.0,0.0,0.0,0.0,0.0
47.725,CLOSE_24,-23.049,-0.003,-0.647,100.5,0.0,0.0,0.0,0.0,0.0
47.801,PDO_FEEDBACK_26,-23.0488,-0.003,-0.647,100.5,0.0,0.0,0.0,0.0,0.0
47.863,PDO_FEEDBACK_22,-23.0488,-0.003,-0.647,99.2,0.0,0.0,0.0,0.0,0.0
47.929,CLOSE_26,-23.049,-0.003,-0.647,99.2,0.0,0.0,0.0,0.0,0.0
47.948,PDO_FEEDBACK_24,-23.0488,-0.003,-0.647,99.2,0.0,0.0,0.0,0.0,0.0
48.065,PDO_FEEDBACK_26,-23.0488,-0.003,-0.647,99.2,0.0,0.0,0.0,0.0,0.0
48.114,PDO_FEEDBACK_22,-23.0488,-0.003,-0.647,99.7,2.4,0.0,0.0,0.0,0.0
48.132,OPEN_26,-23.049,-0.003,-0.647,99.7,2.4,0.0,0.0,0.0,0.0
48.219,PDO_FEEDBACK_24,-23.0488,-0.003,-0.647,99.7,2.4,0.0,0.0,0.0,0.0
48.343,PDO_FEEDBACK_26,-23.0488,0.065,-0.608,99.7,2.4,0.0,0.0,0.0,0.0
48.470,PDO_FEEDBACK_22,-23.5416,0.008,-0.585,100.2,0.0,0.0,0.0,0.0,0.0
48.624,PDO_FEEDBACK_24,-23.785,0.021,-0.579,100.2,0.0,0.0,0.0,0.0,0.0
48.755,PDO_FEEDBACK_26,-23.785,0.021,-0.579,100.2,0.0,0.0,0.0,1.0,8.0
48.783,PDO_FEEDBACK_22,-23.785,0.021,-0.579,100.2,0.0,0.0,0.0,1.0,8.0
48.918,PDO_FEEDBACK_24,-24.030199999999997,0.009000000000000001,-0.59,100.2,0.0,0.0,0.0,1.0,8.0
48.969,PDO_FEEDBACK_26,-24.030199999999997,0.009000000000000001,-0.59,100.2,0.0,0.0,0.0,5.1,17.5
49.033,PDO_FEEDBACK_22,-24.030199999999997,0.009000000000000001,-0.59,100.2,0.0,0.0,0.0,5.1,17.5
49.130,PDO_FEEDBACK_24,-24.030199999999997,0.009000000000000001,-0.59,100.2,0.0,0.0,0.0,5.1,17.5
49.226,PDO_FEEDBACK_26,-24.030199999999997,0.009000000000000001,-0.59,100.2,0.0,0.0,0.0,9.9,18.6
49.259,PDO_FEEDBACK_22,-24.030199999999997,0.009000000000000001,-0.59,100.2,0.0,0.0,0.0,9.9,18.6
49.360,PDO_FEEDBACK_24,-24.2807,0.035,-0.623,100.2,0.0,0.0,0.0,9.9,18.6
49.457,PDO_FEEDBACK_26,-24.2807,0.035,-0.623,100.2,0.0,0.0,0.0,14.7,18.5
49.485,PDO_FEEDBACK_22,-24.2807,0.035,-0.623,100.2,0.0,0.0,0.0,14.7,18.5
49.529,PDO_FEEDBACK_24,-24.2807,0.035,-0.623,100.2,0.0,0.0,0.0,14.7,18.5
49.606,PDO_FEEDBACK_26,-24.2807,0.035,-0.623,100.2,0.0,0.0,0.0,19.3,17.0
49.653,PDO_FEEDBACK_22,-24.2807,0.035,-0.623,100.2,0.0,0.0,0.0,19.3,17.0
49.734,PDO_FEEDBACK_24,-24.5308,0.014,-0.666,100.2,0.0,0.0,0.0,19.3,17.0
49.817,PDO_FEEDBACK_26,-24.5308,0.014,-0.666,100.2,0.0,0.0,0.0,23.8,16.5
49.863,PDO_FEEDBACK_22,-24.5308,0.014,-0.666,100.2,0.0,0.0,0.0,23.8,16.5
49.954,PDO_FEEDBACK_24,-24.5308,0.014,-0.666,100.2,0.0,0.0,0.0,23.8,16.5
50.051,PDO_FEEDBACK_26,-24.5308,0.014,-0.666,100.2,0.0,0.0,0.0,28.2,17.9
50.114,PDO_FEEDBACK_22,-24.779,0.001,-0.63,100.2,0.0,0.0,0.0,28.2,17.9
50.197,PDO_FEEDBACK_24,-24.779,0.001,-0.63,100.2,0.0,0.0,0.0,28.2,17.9
50.301,PDO_FEEDBACK_26,-24.779,0.001,-0.63,100.2,0.0,0.0,0.0,32.5,17.5
50.366,PDO_FEEDBACK_22,-24.779,0.001,-0.63,100.2,0.0,0.0,0.0,32.5,17.5
50.459,PDO_FEEDBACK_24,-24.779,0.001,-0.63,100.2,0.0,0.0,0.0,32.5,17.5
50.548,PDO_FEEDBACK_26,-25.0193,0.014,-0.617,100.2,0.0,0.0,0.0,36.8,17.6
50.615,PDO_FEEDBACK_22,-25.0193,0.014,-0.617,100.2,0.0,0.0,0.0,36.8,17.6
50.713,PDO_FEEDBACK_24,-25.0193,0.014,-0.617,100.2,0.0,0.0,0.0,36.8,17.6
50.810,PDO_FEEDBACK_26,-25.0193,0.014,-0.617,100.2,0.0,0.0,0.0,40.8,16.8
50.864,PDO_FEEDBACK_22,-25.0193,0.014,-0.617,100.2,0.0,0.0,0.0,40.8,16.8
50.949,PDO_FEEDBACK_24,-25.264899999999997,0.003,-0.616,100.2,0.0,0.0,0.0,40.8,16.8
51.056,PDO_FEEDBACK_26,-25.264899999999997,0.003,-0.616,100.2,0.0,0.0,0.0,45.2,17.3
51.114,PDO_FEEDBACK_22,-25.264899999999997,0.003,-0.616,100.2,0.0,0.0,0.0,45.2,17.3
51.197,PDO_FEEDBACK_24,-25.264899999999997,0.003,-0.616,100.2,0.0,0.0,0.0,45.2,17.3
51.309,PDO_FEEDBACK_26,-25.5105,0.005,-0.623,100.2,0.0,0.0,0.0,49.5,16.4
51.363,PDO_FEEDBACK_22,-25.5105,0.005,-0.623,100.2,0.0,0.0,0.0,49.5,16.4
51.456,PDO_FEEDBACK_24,-25.5105,0.005,-0.623,100.2,0.0,0.0,0.0,49.5,16.4
51.551,PDO_FEEDBACK_26,-25.5105,0.005,-0.623,100.2,0.0,0.0,0.0,53.8,16.6
51.616,PDO_FEEDBACK_22,-25.5105,0.005,-0.623,100.5,0.0,0.0,0.0,53.8,16.6
51.708,PDO_FEEDBACK_24,-25.763199999999998,-0.001,-0.621,100.5,0.0,0.0,0.0,53.8,16.6
51.804,PDO_FEEDBACK_26,-25.763199999999998,-0.001,-0.621,100.5,0.0,0.0,0.0,58.1,17.1
51.863,PDO_FEEDBACK_22,-25.763199999999998,-0.001,-0.621,100.5,0.0,0.0,0.0,58.1,17.1
51.946,PDO_FEEDBACK_24,-25.763199999999998,-0.001,-0.621,100.5,0.0,0.0,0.0,58.1,17.1
52.049,PDO_FEEDBACK_26,-25.763199999999998,-0.001,-0.621,100.5,0.0,0.0,0.0,62.2,18.3
52.114,PDO_FEEDBACK_22,-26.0127,0.027,-0.625,100.5,0.0,0.0,0.0,62.2,18.3
52.198,PDO_FEEDBACK_24,-26.0127,0.027,-0.625,100.5,0.0,0.0,0.0,62.2,18.3
52.299,PDO_FEEDBACK_26,-26.0127,0.027,-0.625,100.5,0.0,0.0,0.0,66.5,17.4
52.362,PDO_FEEDBACK_22,-26.0127,0.027,-0.625,100.5,0.0,0.0,0.0,66.5,17.4
52.446,PDO_FEEDBACK_24,-26.0127,0.027,-0.625,100.5,0.0,0.0,0.0,66.5,17.4
52.574,PDO_FEEDBACK_26,-26.2613,0.026000000000000002,-0.63,100.5,0.0,0.0,0.0,70.8,16.4
52.615,PDO_FEEDBACK_22,-26.2613,0.026000000000000002,-0.63,100.5,0.0,0.0,0.0,70.8,16.4
52.696,PDO_FEEDBACK_24,-26.2613,0.026000000000000002,-0.63,100.5,0.0,0.0,0.0,70.8,16.4
52.799,PDO_FEEDBACK_26,-26.2613,0.026000000000000002,-0.63,100.5,0.0,0.0,0.0,74.8,16.0
52.863,PDO_FEEDBACK_22,-26.2613,0.026000000000000002,-0.63,100.5,0.0,0.0,0.0,74.8,16.0
52.915,CLOSE_24,-26.509,0.005,-0.657,100.5,0.0,0.0,0.0,74.8,16.0
52.978,PDO_FEEDBACK_24,-26.5093,0.005,-0.657,100.5,0.0,0.0,0.0,74.8,16.0
53.052,PDO_FEEDBACK_26,-26.5093,0.005,-0.657,100.5,0.0,0.0,0.0,79.2,17.5
53.135,PDO_FEEDBACK_22,-26.5093,0.005,-0.657,100.5,0.0,0.0,0.0,79.2,17.5
53.197,PDO_FEEDBACK_24,-26.5093,0.005,-0.657,100.5,0.0,0.0,0.0,79.2,17.5
53.318,PDO_FEEDBACK_26,-26.7546,0.018000000000000002,-0.622,100.5,0.0,0.0,0.0,83.5,17.2
53.391,PDO_FEEDBACK_22,-26.7546,0.018000000000000002,-0.622,100.5,0.0,0.0,0.0,83.5,17.2
53.446,PDO_FEEDBACK_24,-26.7546,0.018000000000000002,-0.622,100.5,0.0,0.0,0.0,83.5,17.2
53.548,PDO_FEEDBACK_26,-26.7546,0.018000000000000002,-0.622,100.5,0.0,0.0,0.0,87.8,17.5
53.622,PDO_FEEDBACK_22,-26.7546,0.018000000000000002,-0.622,100.5,0.0,0.0,0.0,87.8,17.5
53.700,PDO_FEEDBACK_24,-27.013099999999998,0.03,-0.651,100.5,0.0,0.0,0.0,87.8,17.5
53.801,PDO_FEEDBACK_26,-27.013099999999998,0.03,-0.651,100.5,0.0,0.0,0.0,92.1,17.4
53.863,PDO_FEEDBACK_22,-27.013099999999998,0.03,-0.651,100.5,0.0,0.0,0.0,92.1,17.4
53.947,PDO_FEEDBACK_24,-27.013099999999998,0.03,-0.651,100.5,0.0,0.0,0.0,92.1,17.4
54.051,PDO_FEEDBACK_26,-27.013099999999998,0.03,-0.651,100.5,0.0,0.0,0.0,96.2,17.1
54.119,PDO_FEEDBACK_22,-27.2775,0.037,-0.679,100.5,0.0,0.0,0.0,96.2,17.1
54.195,PDO_FEEDBACK_24,-27.2775,0.037,-0.679,100.5,0.0,0.0,0.0,96.2,17.1
54.300,PDO_FEEDBACK_26,-27.2775,0.037,-0.679,100.5,0.0,0.0,0.0,99.7,12.8
54.362,PDO_FEEDBACK_22,-27.2775,0.037,-0.679,100.5,0.0,0.0,0.0,99.7,12.8
54.445,PDO_FEEDBACK_24,-27.2775,0.037,-0.679,100.5,0.0,0.0,0.0,99.7,12.8
54.550,PDO_FEEDBACK_26,-27.5242,0.041,-0.628,100.5,0.0,0.0,0.0,100.5,0.0
54.622,PDO_FEEDBACK_22,-27.5242,0.041,-0.628,100.5,0.0,0.0,0.0,100.5,0.0
54.697,PDO_FEEDBACK_24,-27.5242,0.041,-0.628,100.5,0.0,0.0,0.0,100.5,0.0
54.800,PDO_FEEDBACK_26,-27.5242,0.041,-0.628,100.5,0.0,0.0,0.0,100.5,0.0
54.862,PDO_FEEDBACK_22,-27.5242,0.041,-0.628,100.5,0.0,0.0,0.0,100.5,0.0
54.947,PDO_FEEDBACK_24,-27.7699,-0.002,-0.58,100.5,0.0,0.0,0.0,100.5,0.0
55.054,PDO_FEEDBACK_26,-27.7699,-0.002,-0.58,100.5,0.0,0.0,0.0,100.5,0.0
55.114,PDO_FEEDBACK_22,-27.7699,-0.002,-0.58,100.5,0.0,0.0,0.0,100.5,0.0
55.195,PDO_FEEDBACK_24,-27.7699,-0.002,-0.58,100.5,0.0,0.0,0.0,100.5,0.0
55.298,PDO_FEEDBACK_26,-28.0108,0.027,-0.615,100.5,0.0,0.0,0.0,100.5,0.0
55.364,PDO_FEEDBACK_22,-28.0108,0.027,-0.615,100.5,0.0,0.0,0.0,100.5,0.0
55.444,PDO_FEEDBACK_24,-28.0108,0.027,-0.615,100.5,0.0,0.0,0.0,100.5,0.0
55.570,PDO_FEEDBACK_26,-28.0108,0.027,-0.615,100.5,0.0,0.0,0.0,100.5,0.0
55.612,PDO_FEEDBACK_22,-28.0108,0.027,-0.615,100.5,0.0,0.0,0.0,100.5,0.0
55.715,PDO_FEEDBACK_24,-28.2528,-0.005,-0.5750000000000001,100.5,0.0,0.0,0.0,100.5,0.0
55.797,PDO_FEEDBACK_26,-28.2528,-0.005,-0.5750000000000001,100.5,0.0,0.0,0.0,100.5,0.0
55.866,PDO_FEEDBACK_22,-28.2528,-0.005,-0.5750000000000001,100.5,0.0,0.0,0.0,100.5,0.0
55.957,PDO_FEEDBACK_24,-28.2528,-0.005,-0.5750000000000001,100.5,0.0,0.0,0.0,100.5,0.0
56.047,PDO_FEEDBACK_26,-28.2528,-0.005,-0.5750000000000001,100.5,0.0,0.0,0.0,100.5,0.0
56.128,PDO_FEEDBACK_22,-28.5034,-0.014,-0.64,100.5,0.0,0.0,0.0,100.5,0.0
56.202,PDO_FEEDBACK_24,-28.5034,-0.014,-0.64,100.5,0.0,0.0,0.0,100.5,0.0
56.300,PDO_FEEDBACK_26,-28.5034,-0.014,-0.64,100.5,0.0,0.0,0.0,100.5,0.0
56.374,PDO_FEEDBACK_22,-28.5034,-0.014,-0.64,100.5,0.0,0.0,0.0,100.5,0.0
56.450,PDO_FEEDBACK_24,-28.5034,-0.014,-0.64,100.5,0.0,0.0,0.0,100.5,0.0
56.548,PDO_FEEDBACK_26,-28.7509,0.015,-0.627,100.5,0.0,0.0,0.0,100.5,0.0
56.612,PDO_FEEDBACK_22,-28.7509,0.015,-0.627,100.5,0.0,0.0,0.0,100.5,0.0
56.703,PDO_FEEDBACK_24,-28.7509,0.015,-0.627,100.5,0.0,0.0,0.0,100.5,0.0
56.800,PDO_FEEDBACK_26,-28.7509,0.015,-0.627,100.5,0.0,0.0,0.0,100.5,0.0
56.872,PDO_FEEDBACK_22,-28.7509,0.015,-0.627,100.5,0.0,0.0,0.0,100.5,0.0
56.946,PDO_FEEDBACK_24,-28.9938,0.026000000000000002,-0.586,100.5,0.0,0.0,0.0,100.5,0.0
57.048,PDO_FEEDBACK_26,-28.9938,0.026000000000000002,-0.586,100.5,0.0,0.0,0.0,100.5,0.0
57.132,PDO_FEEDBACK_22,-28.9938,0.026000000000000002,-0.586,100.5,0.0,0.0,0.0,100.5,0.0
57.194,PDO_FEEDBACK_24,-28.9938,0.026000000000000002,-0.586,100.5,0.0,0.0,0.0,100.5,0.0
57.358,PDO_FEEDBACK_26,-29.247,-0.006,-0.636,100.5,0.0,0.0,0.0,100.5,0.0
57.384,PDO_FEEDBACK_22,-29.247,-0.006,-0.636,100.5,0.0,0.0,0.0,100.5,0.0
57.454,PDO_FEEDBACK_24,-29.247,-0.006,-0.636,100.5,0.0,0.0,0.0,100.5,0.0
57.548,PDO_FEEDBACK_26,-29.247,-0.006,-0.636,100.5,0.0,0.0,0.0,100.5,0.0
57.613,PDO_FEEDBACK_22,-29.247,-0.006,-0.636,100.5,0.0,0.0,0.0,100.5,0.0
57.699,PDO_FEEDBACK_24,-29.5054,0.027,-0.6900000000000001,100.5,0.0,0.0,0.0,100.5,0.0
57.806,PDO_FEEDBACK_26,-29.5054,0.027,-0.6900000000000001,100.5,0.0,0.0,0.0,100.5,0.0
57.862,PDO_FEEDBACK_22,-29.5054,0.027,-0.6900000000000001,100.5,0.0,0.0,0.0,100.5,0.0
57.944,PDO_FEEDBACK_24,-29.5054,0.027,-0.6900000000000001,100.5,0.0,0.0,0.0,100.5,0.0
58.058,PDO_FEEDBACK_26,-29.5054,0.027,-0.6900000000000001,100.5,0.0,0.0,0.0,100.5,0.0
58.112,PDO_FEEDBACK_22,-29.7532,0.003,-0.639,100.5,0.0,0.0,0.0,100.5,0.0
58.194,PDO_FEEDBACK_24,-29.7532,0.003,-0.639,100.5,0.0,0.0,0.0,100.5,0.0
58.296,PDO_FEEDBACK_26,-29.7532,0.003,-0.639,100.5,0.0,0.0,0.0,100.5,0.0
58.365,PDO_FEEDBACK_22,-29.7532,0.003,-0.639,100.5,0.0,0.0,0.0,100.5,0.0
58.446,PDO_FEEDBACK_24,-29.7532,0.003,-0.639,100.5,0.0,0.0,0.0,100.5,0.0
58.547,PDO_FEEDBACK_26,-30.0206,0.059000000000000004,-0.642,100.5,0.0,0.0,0.0,100.5,0.0
58.612,PDO_FEEDBACK_22,-30.0206,0.059000000000000004,-0.642,100.5,0.0,0.0,0.0,100.5,0.0
58.695,PDO_FEEDBACK_24,-30.0206,0.059000000000000004,-0.642,100.5,0.0,0.0,0.0,100.5,0.0
58.796,PDO_FEEDBACK_26,-30.0206,0.059000000000000004,-0.642,100.5,0.0,0.0,0.0,100.5,0.0
58.920,PDO_FEEDBACK_22,-30.0206,0.114,-0.627,100.5,0.0,0.0,0.0,100.5,0.0
59.010,PDO_FEEDBACK_24,-30.303,0.114,-0.627,100.5,0.0,0.0,0.0,100.5,0.0
59.090,PDO_FEEDBACK_26,-30.303,0.114,-0.627,100.5,0.0,0.0,0.0,100.5,0.0
59.130,PDO_FEEDBACK_22,-30.303,0.114,-0.627,100.5,0.0,0.0,0.0,100.5,0.0
59.195,PDO_FEEDBACK_24,-30.303,0.114,-0.627,100.5,0.0,0.0,0.0,100.5,0.0
59.304,PDO_FEEDBACK_26,-30.5613,0.227,-0.747,100.5,0.0,0.0,0.0,100.5,0.0
59.370,PDO_FEEDBACK_22,-30.5613,0.227,-0.747,100.5,0.0,0.0,0.0,100.5,0.0
59.445,PDO_FEEDBACK_24,-30.5613,0.227,-0.747,100.5,0.0,0.0,0.0,100.5,0.0
59.546,PDO_FEEDBACK_26,-30.5613,0.227,-0.747,100.5,0.0,0.0,0.0,100.5,0.0
59.611,PDO_FEEDBACK_22,-30.5613,0.227,-0.747,100.5,0.0,0.0,0.0,100.5,0.0
59.714,PDO_FEEDBACK_24,-30.7852,0.269,-0.54,100.5,0.0,0.0,0.0,100.5,0.0
59.796,PDO_FEEDBACK_26,-30.7852,0.269,-0.54,100.5,0.0,0.0,0.0,100.5,0.0
59.862,PDO_FEEDBACK_22,-30.7852,0.269,-0.54,100.5,0.0,0.0,0.0,100.5,0.0
59.944,PDO_FEEDBACK_24,-30.7852,0.269,-0.54,100.5,0.0,0.0,0.0,100.5,0.0
60.045,PDO_FEEDBACK_26,-30.7852,0.269,-0.54,100.5,0.0,0.0,0.0,100.5,0.0
60.132,PDO_FEEDBACK_22,-30.9943,0.5650000000000001,-0.466,100.5,0.0,0.0,0.0,100.5,0.0
60.196,PDO_FEEDBACK_24,-30.9943,0.5650000000000001,-0.466,100.5,0.0,0.0,0.0,100.5,0.0
60.297,PDO_FEEDBACK_26,-30.9943,0.5650000000000001,-0.466,100.5,0.0,0.0,0.0,100.5,0.0
60.367,PDO_FEEDBACK_22,-30.9943,0.5650000000000001,-0.466,100.5,0.0,0.0,0.0,100.5,0.0
60.453,PDO_FEEDBACK_24,-30.9943,0.5650000000000001,-0.466,100.5,0.0,0.0,0.0,100.5,0.0
60.548,PDO_FEEDBACK_26,-31.1584,0.805,-0.361,100.5,0.0,0.0,0.0,100.5,0.0
60.613,PDO_FEEDBACK_22,-31.1584,0.805,-0.361,100.5,0.0,0.0,0.0,100.5,0.0
60.693,PDO_FEEDBACK_24,-31.1584,0.805,-0.361,100.5,0.0,0.0,0.0,100.5,0.0
60.798,PDO_FEEDBACK_26,-31.1584,0.805,-0.361,100.5,0.0,0.0,0.0,100.5,0.0
60.866,PDO_FEEDBACK_22,-31.1584,0.805,-0.361,100.5,0.0,0.0,0.0,100.5,0.0
60.958,PDO_FEEDBACK_24,-31.2359,0.849,-0.179,100.5,0.0,0.0,0.0,100.5,0.0
61.046,PDO_FEEDBACK_26,-31.2359,0.849,-0.179,100.5,0.0,0.0,0.0,100.5,0.0
61.115,PDO_FEEDBACK_22,-31.2359,0.849,-0.179,100.5,0.0,0.0,0.0,100.5,0.0
61.194,PDO_FEEDBACK_24,-31.2359,0.849,-0.179,100.5,0.0,0.0,0.0,100.5,0.0
61.296,PDO_FEEDBACK_26,-31.2832,0.752,-0.163,100.5,0.0,0.0,0.0,100.5,0.0
61.362,PDO_FEEDBACK_22,-31.2832,0.752,-0.163,100.5,0.0,0.0,0.0,100.5,0.0
61.444,PDO_FEEDBACK_24,-31.2832,0.752,-0.163,100.5,0.0,0.0,0.0,100.5,0.0
61.550,PDO_FEEDBACK_26,-31.2832,0.752,-0.163,100.5,0.0,0.0,0.0,100.5,0.0
61.611,PDO_FEEDBACK_22,-31.2832,0.752,-0.163,100.5,0.0,0.0,0.0,100.5,0.0
61.703,PDO_FEEDBACK_24,-31.314899999999998,0.605,-0.047,100.5,0.0,0.0,0.0,100.5,0.0
61.798,PDO_FEEDBACK_26,-31.314899999999998,0.605,-0.047,100.5,0.0,0.0,0.0,100.5,0.0
61.862,PDO_FEEDBACK_22,-31.314899999999998,0.605,-0.047,100.5,0.0,0.0,0.0,100.5,0.0
61.944,PDO_FEEDBACK_24,-31.314899999999998,0.605,-0.047,100.5,0.0,0.0,0.0,100.5,0.0
62.048,PDO_FEEDBACK_26,-31.314899999999998,0.605,-0.047,100.5,0.0,0.0,0.0,100.5,0.0
62.127,PDO_FEEDBACK_22,-31.229400000000002,0.685,0.2,100.5,0.0,0.0,0.0,100.5,0.0
62.197,PDO_FEEDBACK_24,-31.229400000000002,0.685,0.2,100.5,0.0,0.0,0.0,100.5,0.0
62.301,PDO_FEEDBACK_26,-31.229400000000002,0.685,0.2,100.5,0.0,0.0,0.0,100.5,0.0
62.371,PDO_FEEDBACK_22,-31.229400000000002,0.685,0.2,100.5,0.0,0.0,0.0,100.5,0.0
62.464,PDO_FEEDBACK_24,-31.229400000000002,0.685,0.2,100.5,0.0,0.0,0.0,100.5,0.0
62.570,PDO_FEEDBACK_26,-31.0197,0.769,0.637,100.5,0.0,0.0,0.0,100.5,0.0
62.635,PDO_FEEDBACK_22,-31.0197,0.769,0.637,100.5,0.0,0.0,0.0,100.5,0.0
62.719,PDO_FEEDBACK_24,-31.0197,0.769,0.637,100.5,0.0,0.0,0.0,100.5,0.0
62.804,PDO_FEEDBACK_26,-31.0197,0.769,0.637,100.5,0.0,0.0,0.0,100.5,0.0
62.861,PDO_FEEDBACK_22,-31.0197,0.769,0.637,100.5,0.0,0.0,0.0,100.5,0.0
62.991,PDO_FEEDBACK_24,-30.7708,0.548,0.671,100.5,0.0,0.0,0.0,100.5,0.0
63.052,PDO_FEEDBACK_26,-30.7708,0.548,0.671,100.5,0.0,0.0,0.0,100.5,0.0
63.111,PDO_FEEDBACK_22,-30.7708,0.548,0.671,100.5,0.0,0.0,0.0,100.5,0.0
63.193,PDO_FEEDBACK_24,-30.7708,0.548,0.671,100.5,0.0,0.0,0.0,100.5,0.0
63.317,PDO_FEEDBACK_26,-30.5813,0.18,0.366,100.5,0.0,0.0,0.0,100.5,0.0
63.361,PDO_FEEDBACK_22,-30.5813,0.18,0.366,100.5,0.0,0.0,0.0,100.5,0.0
63.443,PDO_FEEDBACK_24,-30.5813,0.18,0.366,100.5,0.0,0.0,0.0,100.5,0.0
63.544,PDO_FEEDBACK_26,-30.5813,0.18,0.366,100.5,0.0,0.0,0.0,100.5,0.0
63.624,PDO_FEEDBACK_22,-30.5813,0.18,0.366,100.5,0.0,0.0,0.0,100.5,0.0
63.735,PDO_FEEDBACK_24,-30.6091,0.066,0.109,100.5,0.0,0.0,0.0,100.5,0.0
63.828,PDO_FEEDBACK_26,-30.6091,0.066,0.109,100.5,0.0,0.0,0.0,100.5,0.0
63.878,PDO_FEEDBACK_22,-30.6091,0.066,0.109,100.5,0.0,0.0,0.0,100.5,0.0
63.951,PDO_FEEDBACK_24,-30.6091,0.066,0.109,100.5,0.0,0.0,0.0,100.5,0.0
64.057,PDO_FEEDBACK_26,-30.6091,0.066,0.109,100.5,0.0,0.0,0.0,100.5,0.0
64.111,PDO_FEEDBACK_22,-30.6114,-0.03,-0.11800000000000001,100.5,0.0,0.0,0.0,100.5,0.0
64.193,PDO_FEEDBACK_24,-30.6114,-0.03,-0.11800000000000001,100.5,0.0,0.0,0.0,100.5,0.0
64.294,PDO_FEEDBACK_26,-30.6114,-0.03,-0.11800000000000001,100.5,0.0,0.0,0.0,100.5,0.0
64.363,PDO_FEEDBACK_22,-30.6114,-0.03,-0.11800000000000001,100.5,0.0,0.0,0.0,100.5,0.0
64.445,PDO_FEEDBACK_24,-30.6114,-0.03,-0.11800000000000001,100.5,0.0,0.0,0.0,100.5,0.0
64.556,PDO_FEEDBACK_26,-30.609,0.0,0.05,100.5,0.0,0.0,0.0,100.5,0.0
64.611,PDO_FEEDBACK_22,-30.609,0.0,0.05,100.5,0.0,0.0,0.0,100.5,0.0
64.693,PDO_FEEDBACK_24,-30.609,0.0,0.05,100.5,0.0,0.0,0.0,100.5,0.0
64.795,PDO_FEEDBACK_26,-30.609,0.0,0.05,100.5,0.0,0.0,0.0,100.5,0.0
64.861,PDO_FEEDBACK_22,-30.609,0.0,0.05,100.5,0.0,0.0,0.0,100.5,0.0
64.943,PDO_FEEDBACK_24,-30.610500000000002,-0.027,-0.016,100.5,0.0,0.0,0.0,100.5,0.0
65.045,PDO_FEEDBACK_26,-30.610500000000002,-0.027,-0.016,100.5,0.0,0.0,0.0,100.5,0.0
65.112,PDO_FEEDBACK_22,-30.610500000000002,-0.027,-0.016,100.5,0.0,0.0,0.0,100.5,0.0
65.197,PDO_FEEDBACK_24,-30.610500000000002,-0.027,-0.016,100.5,0.0,0.0,0.0,100.5,0.0
65.301,PDO_FEEDBACK_26,-30.6092,0.005,-0.005,100.5,0.0,0.0,0.0,100.5,0.0
65.365,PDO_FEEDBACK_22,-30.6092,0.005,-0.005,100.5,0.0,0.0,0.0,100.5,0.0
65.446,PDO_FEEDBACK_24,-30.6092,0.005,-0.005,100.5,0.0,0.0,0.0,100.5,0.0
65.546,PDO_FEEDBACK_26,-30.6092,0.005,-0.005,100.5,0.0,0.0,0.0,100.5,0.0
65.611,PDO_FEEDBACK_22,-30.6092,0.005,-0.005,100.5,0.0,0.0,0.0,100.5,0.0
65.693,PDO_FEEDBACK_24,-30.6101,0.025,-0.016,100.5,0.0,0.0,0.0,100.5,0.0
65.793,PDO_FEEDBACK_26,-30.6101,0.025,-0.016,100.5,0.0,0.0,0.0,100.5,0.0
65.861,PDO_FEEDBACK_22,-30.6101,0.025,-0.016,100.5,0.0,0.0,0.0,100.5,0.0
65.942,PDO_FEEDBACK_24,-30.6101,0.025,-0.016,100.5,0.0,0.0,0.0,100.5,0.0
66.046,PDO_FEEDBACK_26,-30.6101,0.025,-0.016,100.5,0.0,0.0,0.0,100.5,0.0
66.111,PDO_FEEDBACK_22,-30.6083,-0.007,0.024,100.5,0.0,0.0,0.0,100.5,0.0
66.196,PDO_FEEDBACK_24,-30.6083,-0.007,0.024,100.5,0.0,0.0,0.0,100.5,0.0
66.301,PDO_FEEDBACK_26,-30.6083,-0.007,0.024,100.5,0.0,0.0,0.0,100.5,0.0
66.361,PDO_FEEDBACK_22,-30.6083,-0.007,0.024,100.5,0.0,0.0,0.0,100.5,0.0
66.442,PDO_FEEDBACK_24,-30.6083,-0.007,0.024,100.5,0.0,0.0,0.0,100.5,0.0
66.544,PDO_FEEDBACK_26,-30.6097,-0.005,0.005,100.5,0.0,0.0,0.0,100.5,0.0
66.612,PDO_FEEDBACK_22,-30.6097,-0.005,0.005,100.5,0.0,0.0,0.0,100.5,0.0
66.694,PDO_FEEDBACK_24,-30.6097,-0.005,0.005,100.5,0.0,0.0,0.0,100.5,0.0
66.794,PDO_FEEDBACK_26,-30.6097,-0.005,0.005,100.5,0.0,0.0,0.0,100.5,0.0
66.868,PDO_FEEDBACK_22,-30.6097,-0.005,0.005,100.5,0.0,0.0,0.0,100.5,0.0
66.949,PDO_FEEDBACK_24,-30.6114,0.003,-0.005,100.5,0.0,0.0,0.0,100.5,0.0
67.045,PDO_FEEDBACK_26,-30.6114,0.003,-0.005,100.5,0.0,0.0,0.0,100.5,0.0
67.114,PDO_FEEDBACK_22,-30.6114,0.003,-0.005,100.5,0.0,0.0,0.0,100.5,0.0
67.195,PDO_FEEDBACK_24,-30.6114,0.003,-0.005,100.5,0.0,0.0,0.0,100.5,0.0
67.322,PDO_FEEDBACK_26,-30.6106,0.011,0.0,100.5,0.0,0.0,0.0,100.5,0.0
67.361,PDO_FEEDBACK_22,-30.6106,0.011,0.0,100.5,0.0,0.0,0.0,100.5,0.0
67.443,PDO_FEEDBACK_24,-30.6106,0.011,0.0,100.5,0.0,0.0,0.0,100.5,0.0
67.544,PDO_FEEDBACK_26,-30.6106,0.011,0.0,100.5,0.0,0.0,0.0,100.5,0.0
67.610,PDO_FEEDBACK_22,-30.6106,0.011,0.0,100.5,0.0,0.0,0.0,100.5,0.0
67.694,PDO_FEEDBACK_24,-30.6084,0.007,0.002,100.5,0.0,0.0,0.0,100.5,0.0
